Цена,Акустическая схема,Таймер включения/выключения,Разъем для наушников,Встроенный сабвуфер,Прогрессивная развертка,Вес без подставки,Время отклика пикселя,Гарантия,Разрешение,Поддержка NFC,Управление со смартфона,Встроенный Wi-Fi,Встроенный Bluetooth,Поддержка HDR,Контрастность,Размер VESA,Телетекст,Яркость экрана,Мощность сабвуфера,Частота обновления,Родительский контроль,Диагональ,Страна производитель,Операционная система,Название,Соотношение сторон,Объем встроенной памяти,Объем оперативной памяти,Рейтинг,Количество отзывов,Тип панели,Цвет,Цифровое шумоподавление
0.0,0,1.0,1.0,0.0,0.0,0.0,0.0,12.0,1,0.0,0.0,0.0,0.0,0.0,0.0,0,1.0,0.0,0.0,0.0,0.0,61.0,2,0,0,1,0.0,0.0,0.0,4.0,3,13,1.0
87990.0,1,1.0,0.0,0.0,0.0,0.0,0.0,12.0,3,0.0,1.0,1.0,1.0,1.0,0.0,14,0.0,0.0,0.0,60.0,0.0,0.0,5,1," 65"" sony kd-65x75k",1,16.0,0.0,0.0,10.0,3,0,1.0
62990.0,0,1.0,0.0,0.0,0.0,0.0,0.0,12.0,3,0.0,0.0,1.0,1.0,1.0,0.0,14,0.0,0.0,0.0,60.0,0.0,0.0,7,1," 65"" sharp 4t-c65dl6",1,0.0,0.0,0.0,11.0,3,0,1.0
77990.0,0,1.0,1.0,0.0,0.0,0.0,0.0,12.0,3,0.0,0.0,1.0,1.0,1.0,0.0,7,1.0,0.0,0.0,60.0,0.0,0.0,11,1," 65"" sony kd-65x7500h",1,16.0,0.0,0.0,19.0,3,0,0.0
49990.0,0,1.0,1.0,0.0,0.0,0.0,0.0,12.0,3,0.0,1.0,1.0,1.0,1.0,0.0,3,1.0,0.0,0.0,60.0,0.0,0.0,12,6," 43"" lg 43ur81009lk",0,0.0,0.0,0.0,15.0,3,0,1.0
44990.0,0,1.0,1.0,0.0,0.0,0.0,0.0,12.0,3,0.0,0.0,1.0,1.0,1.0,0.0,3,0.0,0.0,0.0,60.0,0.0,0.0,12,6," 43"" lg 43ur78006lk",1,0.0,0.0,0.0,12.0,3,0,1.0
39390.0,1,1.0,1.0,0.0,0.0,0.0,0.0,12.0,3,0.0,1.0,0.0,0.0,1.0,0.0,14,0.0,0.0,0.0,60.0,1.0,0.0,12,6," 43"" lg 43uq81006lb",0,0.0,0.0,0.0,17.0,3,0,1.0
52990.0,0,1.0,1.0,0.0,0.0,0.0,0.0,12.0,3,0.0,0.0,1.0,1.0,1.0,0.0,14,0.0,0.0,0.0,60.0,0.0,0.0,12,6," 43"" lg 43ur91006la",1,0.0,0.0,0.0,16.0,3,0,1.0
30990.0,1,1.0,1.0,0.0,0.0,0.0,0.0,12.0,3,0.0,0.0,0.0,1.0,1.0,0.0,14,1.0,0.0,0.0,60.0,0.0,0.0,12,6," 43"" lg 43uq75006lf",1,0.0,0.0,0.0,20.0,3,0,1.0
49990.0,0,1.0,1.0,0.0,0.0,0.0,0.0,12.0,3,0.0,0.0,1.0,1.0,1.0,0.0,14,0.0,0.0,0.0,60.0,0.0,0.0,12,6," 43"" lg 43ur81006lj",1,0.0,0.0,0.0,15.0,3,0,1.0
44990.0,0,1.0,1.0,0.0,0.0,0.0,0.0,12.0,3,0.0,0.0,1.0,1.0,1.0,0.0,3,0.0,0.0,0.0,60.0,0.0,0.0,12,6," 43"" lg 43ur78001lj",1,0.0,0.0,0.0,9.0,3,0,1.0
47990.0,0,1.0,1.0,0.0,0.0,0.0,0.0,12.0,3,0.0,0.0,1.0,1.0,1.0,0.0,3,0.0,0.0,0.0,60.0,0.0,0.0,12,6," 43"" lg 43ur78009ll",1,0.0,0.0,0.0,15.0,3,0,1.0
23890.0,1,1.0,1.0,0.0,0.0,0.0,0.0,12.0,1,0.0,0.0,1.0,1.0,1.0,0.0,3,0.0,0.0,0.0,60.0,1.0,0.0,12,6," 32"" lg 32lq630b6la",1,0.0,0.0,0.0,1.0,3,0,1.0
11990.0,0,1.0,1.0,0.0,0.0,0.0,8.5,12.0,1,0.0,0.0,0.0,0.0,0.0,0.0,0,1.0,220.0,0.0,60.0,0.0,0.0,2,0," 32"" supra stv-lc32lt0045w",1,0.0,0.0,0.0,13.0,3,0,0.0
18990.0,0,1.0,1.0,0.0,0.0,0.0,6.0,12.0,1,0.0,0.0,0.0,0.0,0.0,0.0,3,1.0,220.0,0.0,60.0,0.0,99.0,2,0," 39"" supra stv-lc39lt0045w",1,0.0,0.0,0.0,10.0,3,0,0.0
21490.0,0,1.0,1.0,0.0,0.0,0.0,8.0,12.0,2,0.0,0.0,1.0,1.0,1.0,100000.0,14,1.0,250.0,0.0,60.0,0.0,0.0,2,1," 40"" supra stv-lc40st0045f",1,0.0,1.0,0.0,15.0,3,0,1.0
89990.0,1,1.0,1.0,0.0,0.0,0.0,0.0,12.0,3,0.0,1.0,1.0,1.0,1.0,0.0,3,0.0,0.0,0.0,120.0,0.0,127.0,12,6," 50"" lg 50qned816ra",1,0.0,0.0,0.0,11.0,9,0,1.0
52990.0,0,1.0,1.0,0.0,0.0,0.0,0.0,12.0,3,0.0,1.0,1.0,1.0,1.0,0.0,3,0.0,0.0,0.0,60.0,0.0,127.0,12,6," 50"" lg 50ur78009ll",1,0.0,0.0,0.0,15.0,3,0,1.0
4999.0,0,1.0,1.0,0.0,0.0,0.0,0.0,12.0,1,0.0,0.0,0.0,0.0,0.0,0.0,0,1.0,0.0,0.0,0.0,0.0,61.0,2,0," 24"" витязь 24lh0201",1,0.0,0.0,5.0,10.0,3,13,1.0
59999.0,0,1.0,1.0,0.0,0.0,0.0,0.0,12.0,3,0.0,1.0,1.0,1.0,1.0,0.0,14,0.0,0.0,0.0,0.0,0.0,0.0,10,1," 55"" haier 55 smart tv s7 dh1vmed01ru",0,0.0,0.0,5.0,10.0,8,0,1.0
4999.0,0,1.0,1.0,0.0,0.0,0.0,0.0,12.0,1,0.0,0.0,0.0,0.0,0.0,0.0,0,1.0,0.0,0.0,0.0,0.0,61.0,2,0," 24"" витязь 24lh0201",1,0.0,0.0,5.0,11.0,3,0,1.0
10999.0,0,1.0,1.0,0.0,0.0,0.0,0.0,12.0,2,0.0,0.0,1.0,0.0,0.0,1200.0,14,1.0,0.0,0.0,0.0,0.0,0.0,2,8," 40"" hi vhix-40f152msy",1,0.0,0.0,4.0,15.0,3,13,1.0
14999.0,0,0.0,1.0,0.0,0.0,0.0,0.0,12.0,1,0.0,0.0,1.0,1.0,0.0,1000.0,14,0.0,240.0,0.0,0.0,0.0,0.0,16,1," 32"" artel ua32h3200",1,8.0,1.5,5.0,8.0,3,0,1.0
59999.0,0,1.0,0.0,0.0,0.0,0.0,8.0,12.0,3,0.0,1.0,0.0,0.0,1.0,5000.0,14,0.0,350.0,0.0,60.0,0.0,0.0,10,1," 65"" haier 65 smart tv ax pro",1,0.0,0.0,5.0,14.0,8,0,1.0
49999.0,0,1.0,1.0,0.0,0.0,0.0,0.0,12.0,3,0.0,1.0,1.0,1.0,1.0,0.0,9,0.0,0.0,0.0,60.0,0.0,0.0,10,5," 65"" toshiba 65c350le",1,0.0,0.0,5.0,2.0,8,0,1.0
10499.0,0,0.0,1.0,0.0,0.0,0.0,8.0,12.0,1,0.0,0.0,1.0,1.0,1.0,1100.0,3,0.0,200.0,0.0,60.0,0.0,0.0,2,1," 32"" skyworth 32ste6600",1,8.0,1.5,5.0,10.0,3,0,0.0
34999.0,0,1.0,0.0,0.0,0.0,0.0,8.0,12.0,3,0.0,0.0,0.0,0.0,1.0,5000.0,14,0.0,320.0,0.0,60.0,0.0,127.0,10,1," 50"" haier 50 smart tv s3",1,0.0,0.0,5.0,22.0,8,0,1.0
19999.0,1,1.0,1.0,0.0,0.0,0.0,0.0,12.0,3,0.0,0.0,1.0,1.0,1.0,0.0,1,0.0,350.0,0.0,60.0,0.0,0.0,13,1," 43"" philips 43pus7406/60",1,0.0,0.0,4.0,13.0,3,0,1.0
29999.0,0,1.0,1.0,0.0,0.0,0.0,0.0,12.0,3,0.0,1.0,1.0,1.0,1.0,0.0,14,0.0,0.0,0.0,60.0,0.0,0.0,10,5," 43"" toshiba 43c350le",1,0.0,0.0,5.0,4.0,3,0,1.0
13999.0,0,1.0,1.0,0.0,0.0,0.0,0.0,12.0,2,0.0,0.0,1.0,1.0,0.0,0.0,14,0.0,0.0,0.0,60.0,0.0,0.0,2,8," 43"" hi vhix-43f169msy",1,0.0,0.0,4.0,9.0,3,0,1.0
54999.0,0,1.0,0.0,0.0,0.0,0.0,6.5,12.0,3,0.0,0.0,0.0,0.0,1.0,6000.0,14,0.0,320.0,0.0,60.0,0.0,0.0,10,1," 65"" haier 65 smart tv s3",1,0.0,0.0,5.0,9.0,8,0,1.0
8999.0,0,1.0,1.0,0.0,0.0,0.0,0.0,12.0,2,0.0,0.0,1.0,0.0,0.0,0.0,0,0.0,0.0,0.0,60.0,0.0,0.0,2,1," 32"" hi vhix-32f199msa",1,8.0,1.0,5.0,-1.0,3,0,1.0
119999.0,0,1.0,1.0,0.0,0.0,0.0,1.0,12.0,3,0.0,1.0,0.0,0.0,1.0,0.0,14,0.0,500.0,0.0,120.0,0.0,0.0,10,1," 65"" haier h65s9ug pro",1,0.0,0.0,5.0,10.0,7,0,1.0
12999.0,0,0.0,1.0,0.0,0.0,0.0,0.0,12.0,1,0.0,1.0,1.0,1.0,1.0,0.0,2,0.0,0.0,0.0,60.0,0.0,0.0,13,1," 32"" candy uno 32",1,0.0,0.0,0.0,14.0,3,0,1.0
35999.0,0,1.0,0.0,0.0,0.0,0.0,0.0,12.0,3,0.0,1.0,1.0,1.0,0.0,0.0,3,1.0,0.0,0.0,60.0,0.0,0.0,13,4," 43"" samsung ue43au7002u",0,0.0,0.0,5.0,7.0,3,0,1.0
14999.0,0,1.0,1.0,0.0,0.0,0.0,0.0,12.0,1,0.0,1.0,1.0,1.0,0.0,0.0,2,0.0,0.0,0.0,60.0,0.0,0.0,13,1," 32"" haier smart tv mx",1,0.0,0.0,4.0,7.0,3,0,1.0
46999.0,0,1.0,0.0,0.0,0.0,0.0,0.0,12.0,3,0.0,1.0,1.0,0.0,1.0,0.0,3,0.0,0.0,0.0,60.0,0.0,127.0,13,4," 50"" samsung ue50au7002u",1,0.0,0.0,5.0,6.0,3,0,1.0
24999.0,0,1.0,0.0,0.0,0.0,0.0,0.0,12.0,2,0.0,1.0,1.0,1.0,0.0,0.0,1,0.0,0.0,0.0,60.0,0.0,0.0,13,1," 40"" toshiba 40v35le",1,0.0,0.0,5.0,7.0,3,0,1.0
24999.0,0,1.0,1.0,0.0,0.0,0.0,0.0,12.0,1,0.0,0.0,0.0,0.0,0.0,0.0,2,1.0,0.0,0.0,0.0,0.0,0.0,2,0," 32"" витязь 32lh0202",1,0.0,0.0,5.0,-3.0,3,13,1.0
39999.0,1,0.0,0.0,0.0,0.0,0.0,0.0,12.0,3,1.0,1.0,1.0,1.0,1.0,0.0,14,1.0,0.0,0.0,60.0,0.0,127.0,8,6," 50"" lg 50uq76003ld",0,0.0,0.0,5.0,5.0,3,0,1.0
34999.0,0,1.0,0.0,0.0,0.0,0.0,0.0,12.0,3,0.0,1.0,1.0,1.0,1.0,0.0,14,0.0,0.0,0.0,60.0,0.0,0.0,13,5," 55"" hisense 55a6bg",1,0.0,0.0,5.0,11.0,3,0,1.0
44999.0,0,0.0,1.0,0.0,0.0,0.0,0.0,12.0,3,0.0,0.0,1.0,1.0,0.0,5000.0,14,0.0,260.0,0.0,60.0,0.0,127.0,16,1," 50"" artel ua50h3502",1,16.0,2.0,5.0,16.0,3,0,1.0
49999.0,0,1.0,0.0,0.0,0.0,0.0,0.0,12.0,3,0.0,1.0,1.0,1.0,1.0,1200.0,14,0.0,300.0,0.0,60.0,0.0,0.0,10,5," 65"" hisense 65a6bg",1,0.0,0.0,5.0,5.0,3,0,1.0
17999.0,0,0.0,1.0,0.0,0.0,0.0,0.0,12.0,1,0.0,0.0,1.0,1.0,0.0,0.0,14,0.0,0.0,0.0,60.0,0.0,0.0,16,1," 32"" artel a32kh5500",1,0.0,0.0,5.0,3.0,3,13,1.0
42999.0,0,1.0,0.0,0.0,0.0,0.0,0.0,12.0,3,0.0,1.0,1.0,1.0,1.0,0.0,14,0.0,0.0,0.0,60.0,0.0,127.0,15,1," 50"" grundig 50 gfu 7800b",0,0.0,0.0,5.0,9.0,3,13,1.0
28999.0,0,0.0,1.0,0.0,0.0,0.0,0.0,12.0,2,0.0,0.0,1.0,1.0,0.0,1500.0,7,0.0,0.0,0.0,60.0,0.0,0.0,16,1," 43"" artel ua43h3401",1,8.0,1.5,5.0,10.0,3,0,1.0
24999.0,0,1.0,0.0,0.0,0.0,0.0,9.5,12.0,3,0.0,1.0,1.0,1.0,1.0,5000.0,14,0.0,300.0,0.0,60.0,0.0,0.0,10,9," 43"" яндекс с алисой (yndx-00071)",1,16.0,1.5,5.0,6.0,3,0,0.0
44999.0,0,0.0,0.0,0.0,0.0,0.0,0.0,12.0,3,0.0,1.0,1.0,1.0,1.0,3800.0,4,0.0,0.0,0.0,60.0,0.0,0.0,13,5," 55"" hisense 55e7hq",1,0.0,0.0,5.0,14.0,8,0,1.0
29999.0,0,1.0,0.0,0.0,0.0,0.0,9.5,12.0,3,0.0,1.0,1.0,1.0,1.0,5000.0,14,0.0,300.0,0.0,60.0,0.0,127.0,10,9," 50"" яндекс с алисой (yndx-00072)",1,16.0,1.5,5.0,7.0,3,0,0.0
69999.0,0,0.0,0.0,0.0,0.0,0.0,0.0,12.0,3,0.0,1.0,1.0,1.0,1.0,1200.0,14,1.0,0.0,0.0,120.0,0.0,0.0,10,5," 55"" hisense 55u7hq",1,0.0,0.0,5.0,11.0,8,0,1.0
18999.0,1,1.0,1.0,0.0,0.0,0.0,0.0,12.0,3,0.0,0.0,1.0,1.0,0.0,0.0,3,0.0,0.0,0.0,60.0,0.0,127.0,2,8," 50"" hi vhix-50u169msy  ",1,0.0,0.0,4.0,16.0,3,0,1.0
29999.0,1,1.0,1.0,0.0,0.0,0.0,0.0,12.0,3,0.0,0.0,1.0,1.0,1.0,0.0,2,0.0,350.0,0.0,60.0,0.0,0.0,13,1," 55"" philips 55pus7406/60",1,0.0,0.0,5.0,12.0,3,0,1.0
19999.0,0,1.0,0.0,0.0,0.0,0.0,0.0,12.0,1,0.0,1.0,1.0,1.0,0.0,0.0,1,0.0,0.0,0.0,60.0,0.0,0.0,13,1," 32"" toshiba 32v35le",1,0.0,0.0,5.0,8.0,3,0,1.0
42999.0,0,1.0,1.0,0.0,0.0,0.0,0.0,12.0,3,0.0,1.0,1.0,1.0,1.0,0.0,3,0.0,0.0,0.0,60.0,0.0,0.0,15,1," 43"" grundig 43 ggu 7902a",2,0.0,0.0,5.0,4.0,3,0,1.0
39999.0,0,0.0,0.0,0.0,0.0,0.0,0.0,12.0,3,0.0,1.0,1.0,1.0,1.0,0.0,4,0.0,0.0,0.0,60.0,0.0,0.0,13,5," 43"" toshiba 43c450ke",0,0.0,0.0,5.0,13.0,8,0,1.0
29999.0,0,1.0,0.0,0.0,0.0,0.0,0.0,12.0,3,0.0,1.0,1.0,1.0,1.0,0.0,14,0.0,0.0,0.0,60.0,0.0,127.0,13,5," 50"" hisense 50a6bg",1,0.0,0.0,5.0,8.0,3,0,1.0
29999.0,0,1.0,1.0,0.0,0.0,0.0,6.5,12.0,3,0.0,0.0,0.0,0.0,1.0,6000.0,14,0.0,300.0,0.0,60.0,0.0,0.0,10,1," 55"" haier 55 smart tv s1",1,0.0,0.0,5.0,9.0,3,0,1.0
64999.0,0,1.0,1.0,0.0,0.0,0.0,8.0,12.0,3,0.0,1.0,0.0,0.0,1.0,4000.0,14,0.0,350.0,0.0,60.0,0.0,0.0,16,1," 55"" artel a55lu8500",1,0.0,0.0,5.0,9.0,3,0,1.0
33999.0,0,1.0,1.0,0.0,0.0,0.0,0.0,12.0,3,0.0,1.0,1.0,1.0,1.0,0.0,14,1.0,0.0,0.0,60.0,0.0,127.0,13,1," 50"" philips 50pus8057/60",1,0.0,0.0,5.0,4.0,3,0,1.0
33999.0,0,1.0,1.0,0.0,0.0,0.0,8.0,12.0,3,0.0,0.0,0.0,0.0,1.0,5000.0,14,0.0,250.0,0.0,60.0,0.0,0.0,10,1," 43"" haier 43 smart tv s3",1,0.0,0.0,5.0,6.0,8,0,1.0
27999.0,0,1.0,1.0,0.0,0.0,0.0,8.0,12.0,3,0.0,0.0,0.0,0.0,1.0,5000.0,14,0.0,280.0,0.0,60.0,0.0,127.0,10,1," 50"" haier 50 smart tv s1",1,0.0,0.0,5.0,5.0,3,0,1.0
22999.0,0,1.0,1.0,0.0,0.0,0.0,6.5,12.0,3,0.0,0.0,0.0,0.0,1.0,5000.0,14,0.0,250.0,0.0,60.0,0.0,0.0,13,1," 43"" haier 43 smart tv s1",1,0.0,0.0,5.0,6.0,3,0,1.0
34999.0,0,0.0,0.0,0.0,0.0,0.0,0.0,12.0,3,0.0,1.0,1.0,1.0,1.0,3800.0,4,0.0,0.0,0.0,60.0,0.0,127.0,13,5," 50"" hisense 50e7hq",1,0.0,0.0,5.0,1.0,8,0,1.0
15999.0,0,1.0,1.0,0.0,0.0,0.0,6.5,12.0,2,0.0,0.0,0.0,0.0,1.0,4000.0,14,0.0,220.0,0.0,60.0,0.0,0.0,13,1," 32"" haier 32 smart tv s1",1,0.0,0.0,5.0,17.0,3,0,1.0
24999.0,0,1.0,0.0,0.0,0.0,0.0,0.0,12.0,3,0.0,1.0,1.0,1.0,1.0,0.0,14,0.0,0.0,0.0,60.0,0.0,0.0,13,5," 43"" hisense 43a6bg",1,0.0,0.0,5.0,13.0,3,0,1.0
59999.0,0,1.0,0.0,0.0,0.0,0.0,8.0,12.0,3,0.0,1.0,0.0,0.0,1.0,5000.0,14,0.0,350.0,0.0,60.0,0.0,0.0,10,1," 55"" haier 55 smart tv ax pro",1,0.0,0.0,5.0,10.0,8,0,1.0
14999.0,0,0.0,0.0,0.0,0.0,0.0,0.0,12.0,1,0.0,1.0,1.0,0.0,0.0,3000.0,3,0.0,0.0,0.0,60.0,0.0,0.0,13,5," 32"" hisense 32a4k",1,0.0,0.0,4.0,8.0,3,0,0.0
21999.0,1,1.0,1.0,0.0,0.0,0.0,0.0,12.0,3,0.0,0.0,1.0,1.0,1.0,0.0,2,0.0,350.0,0.0,60.0,0.0,127.0,13,1," 50"" philips 50pus7406/60",1,0.0,0.0,4.0,11.0,3,0,1.0
14999.0,0,0.0,0.0,0.0,0.0,4.1,0.0,12.0,1,0.0,0.0,1.0,1.0,1.0,0.0,14,0.0,0.0,0.0,60.0,0.0,0.0,10,1," 32"" realme rmt101",0,0.0,0.0,5.0,2.0,3,13,1.0
24999.0,0,0.0,0.0,0.0,0.0,6.3,0.0,12.0,3,0.0,0.0,1.0,1.0,1.0,0.0,3,0.0,0.0,0.0,60.0,0.0,0.0,10,1," 43"" realme tv 43 rmv2004",1,0.0,0.0,5.0,6.0,3,13,1.0
22999.0,0,1.0,0.0,0.0,0.0,0.0,6.5,12.0,3,0.0,1.0,0.0,0.0,0.0,5000.0,14,0.0,250.0,0.0,60.0,1.0,0.0,13,1," 43"" haier 43 smart tv s1",1,0.0,0.0,4.0,11.0,3,0,1.0
29999.0,0,0.0,1.0,0.0,0.0,0.0,0.0,12.0,3,0.0,0.0,1.0,1.0,1.0,0.0,4,0.0,0.0,0.0,60.0,0.0,0.0,13,0," 43"" hisense 43e7hq",0,0.0,0.0,5.0,10.0,8,0,0.0
21999.0,0,1.0,1.0,0.0,0.0,0.0,0.0,12.0,2,0.0,1.0,1.0,0.0,0.0,5000.0,3,0.0,0.0,0.0,60.0,0.0,0.0,13,5," 40"" hisense 40a4k",1,0.0,0.0,5.0,5.0,3,0,1.0
59999.0,0,0.0,0.0,0.0,0.0,0.0,0.0,12.0,3,0.0,1.0,1.0,1.0,1.0,0.0,9,0.0,0.0,0.0,60.0,0.0,0.0,13,5," 65"" hisense 65e7hq",1,0.0,0.0,5.0,19.0,8,0,1.0
19999.0,0,1.0,0.0,0.0,0.0,0.0,0.0,12.0,2,0.0,1.0,1.0,0.0,0.0,0.0,14,0.0,0.0,0.0,60.0,0.0,0.0,13,5," 40"" hisense 40a4bg",1,0.0,0.0,5.0,6.0,3,13,1.0
19999.0,0,1.0,1.0,0.0,0.0,0.0,0.0,12.0,2,0.0,0.0,0.0,0.0,0.0,1200.0,3,1.0,0.0,0.0,0.0,0.0,0.0,2,0," 40"" hi vhit-40f152ms",1,0.0,0.0,5.0,13.0,3,13,1.0
34999.0,0,1.0,0.0,0.0,0.0,0.0,0.0,12.0,3,0.0,1.0,1.0,1.0,1.0,0.0,14,0.0,0.0,0.0,60.0,0.0,0.0,15,1," 55"" grundig 55 gfu 7800b",0,0.0,0.0,5.0,2.0,3,13,1.0
149999.0,0,0.0,0.0,0.0,0.0,0.0,0.0,12.0,3,0.0,1.0,1.0,1.0,1.0,0.0,9,0.0,0.0,0.0,120.0,0.0,0.0,13,5," 65"" hisense 65u8hq",1,0.0,0.0,5.0,12.0,8,0,1.0
39999.0,0,1.0,0.0,0.0,0.0,0.0,0.0,12.0,3,0.0,1.0,1.0,1.0,1.0,0.0,14,0.0,0.0,0.0,60.0,0.0,0.0,15,1," 43"" grundig 43 gfu 7800b",0,0.0,0.0,4.0,17.0,3,13,1.0
34999.0,0,1.0,1.0,0.0,0.0,0.0,0.0,12.0,3,0.0,1.0,1.0,1.0,1.0,0.0,14,0.0,0.0,0.0,60.0,0.0,127.0,13,5," 50"" toshiba 50c350ke",1,0.0,0.0,5.0,9.0,3,0,1.0
44999.0,0,0.0,1.0,0.0,0.0,0.0,0.0,12.0,3,0.0,1.0,1.0,1.0,1.0,0.0,4,0.0,0.0,0.0,60.0,0.0,0.0,10,5," 55"" toshiba 55c350le",1,0.0,0.0,5.0,4.0,3,0,1.0
62999.0,0,1.0,1.0,0.0,0.0,0.0,0.0,12.0,3,0.0,1.0,1.0,1.0,1.0,0.0,2,0.0,0.0,0.0,60.0,0.0,0.0,15,0," 65"" grundig 65 ghu 7830",1,0.0,0.0,5.0,17.0,3,0,1.0
44999.0,0,0.0,0.0,0.0,0.0,9.8,0.0,12.0,3,0.0,1.0,1.0,1.0,1.0,0.0,4,0.0,0.0,0.0,60.0,0.0,127.0,13,5," 50"" toshiba 50c450ke",0,0.0,0.0,5.0,13.0,8,0,1.0
99999.0,0,0.0,0.0,0.0,0.0,0.0,0.0,12.0,3,0.0,1.0,1.0,1.0,1.0,5000.0,14,1.0,0.0,0.0,120.0,0.0,0.0,10,5," 65"" hisense 65u7hq",1,0.0,0.0,5.0,14.0,8,0,1.0
54999.0,0,0.0,0.0,0.0,0.0,0.0,0.0,12.0,3,0.0,1.0,1.0,1.0,1.0,0.0,4,0.0,0.0,0.0,60.0,0.0,0.0,13,5," 55"" toshiba 55c450ke",0,0.0,0.0,5.0,6.0,8,0,1.0
89999.0,0,1.0,1.0,0.0,0.0,0.0,8.5,12.0,3,0.0,0.0,0.0,0.0,1.0,5000.0,14,0.0,300.0,0.0,60.0,0.0,0.0,10,1," 75"" haier 75 smart tv s1",1,0.0,0.0,5.0,11.0,3,0,1.0
6299.0,0,1.0,1.0,0.0,0.0,0.0,0.0,12.0,1,0.0,1.0,0.0,0.0,0.0,0.0,14,0.0,0.0,0.0,60.0,0.0,61.0,13,0," 24"" hec r1 24 hd (dh1vh0d00ru)",1,0.0,0.0,5.0,17.0,3,13,0.0
13999.0,0,1.0,0.0,0.0,0.0,0.0,0.0,12.0,1,0.0,1.0,1.0,0.0,0.0,0.0,14,0.0,0.0,0.0,60.0,0.0,0.0,13,5," 32"" hisense 32a4bg",1,0.0,0.0,5.0,21.0,3,13,1.0
16999.0,1,1.0,0.0,0.0,0.0,0.0,0.0,12.0,1,0.0,1.0,1.0,1.0,1.0,0.0,3,0.0,0.0,0.0,50.0,0.0,0.0,10,0," 32"" lg 32lm637bpva",1,0.0,0.0,5.0,11.0,3,0,1.0
9399.0,0,1.0,1.0,0.0,0.0,0.0,0.0,12.0,2,0.0,0.0,1.0,1.0,0.0,0.0,14,0.0,0.0,0.0,60.0,0.0,0.0,2,8," 32"" hi vhix-32f219msy",1,0.0,0.0,4.0,14.0,3,0,1.0
49999.0,0,1.0,1.0,0.0,0.0,0.0,8.0,12.0,3,0.0,1.0,0.0,0.0,1.0,5000.0,14,0.0,350.0,0.0,60.0,0.0,127.0,10,1," 50"" haier 50 smart tv ax pro",1,0.0,0.0,5.0,-2.0,8,0,1.0
56999.0,0,1.0,0.0,0.0,0.0,0.0,0.0,12.0,3,0.0,1.0,1.0,1.0,1.0,0.0,14,0.0,0.0,0.0,60.0,0.0,0.0,15,1," 55"" grundig 55 ggu 7900b",0,0.0,0.0,5.0,11.0,3,13,1.0
38999.0,0,1.0,0.0,0.0,0.0,0.0,0.0,12.0,3,1.0,1.0,1.0,1.0,1.0,0.0,3,0.0,0.0,0.0,60.0,0.0,127.0,13,6," 50"" lg 50uq80006lb",1,0.0,0.0,5.0,2.0,3,0,1.0
39999.0,1,1.0,0.0,0.0,0.0,0.0,0.0,12.0,3,0.0,1.0,1.0,1.0,1.0,0.0,3,0.0,0.0,0.0,60.0,0.0,127.0,7,0," 50"" lg nanocell 50nano75vpa",1,0.0,0.0,4.0,4.0,4,0,1.0
18999.0,0,1.0,1.0,0.0,0.0,0.0,0.0,12.0,1,0.0,0.0,1.0,0.0,0.0,0.0,2,0.0,0.0,0.0,60.0,0.0,0.0,13,5," 32"" toshiba 32v35ke",1,0.0,0.0,5.0,17.0,3,0,1.0
9499.0,1,0.0,1.0,0.0,0.0,0.0,0.0,12.0,1,0.0,0.0,1.0,0.0,0.0,0.0,2,0.0,0.0,0.0,50.0,0.0,0.0,2,8," 32"" hi vhix-32h181msy",1,0.0,0.0,4.0,19.0,3,0,1.0
24999.0,0,1.0,0.0,0.0,0.0,0.0,0.0,12.0,2,0.0,1.0,1.0,0.0,0.0,0.0,14,0.0,0.0,0.0,60.0,0.0,0.0,13,5," 43"" toshiba 43v35ke",1,0.0,0.0,5.0,-2.0,3,0,1.0
33999.0,0,1.0,1.0,0.0,0.0,0.0,8.0,12.0,3,0.0,0.0,1.0,1.0,1.0,6000.0,14,0.0,300.0,0.0,60.0,0.0,0.0,10,1," 55"" haier 55 smart tv mx",1,0.0,0.0,5.0,11.0,3,0,1.0
25999.0,0,1.0,0.0,0.0,0.0,0.0,9.5,12.0,3,0.0,0.0,0.0,0.0,1.0,5000.0,14,0.0,250.0,0.0,60.0,0.0,0.0,13,1," 43"" haier 43 smart tv k6",1,0.0,0.0,5.0,14.0,3,0,1.0
12999.0,0,1.0,1.0,0.0,0.0,0.0,0.0,12.0,1,0.0,0.0,0.0,0.0,0.0,0.0,0,1.0,0.0,0.0,0.0,0.0,0.0,13,0," 32"" philips 32phs6825",1,0.0,0.0,4.0,17.0,3,13,0.0
6999.0,0,1.0,1.0,0.0,0.0,0.0,0.0,12.0,1,0.0,0.0,0.0,0.0,0.0,3000.0,0,1.0,0.0,0.0,0.0,0.0,0.0,2,0," 32"" hi vhit-32h169ms",1,0.0,0.0,5.0,0.0,3,13,1.0
19999.0,0,1.0,0.0,0.0,0.0,0.0,0.0,12.0,3,0.0,0.0,1.0,0.0,0.0,0.0,3,1.0,250.0,0.0,0.0,0.0,0.0,2,1," 55"" витязь 55lu1204 smart",1,0.0,0.0,4.0,0.0,6,0,1.0
84999.0,1,1.0,0.0,0.0,0.0,0.0,0.0,12.0,3,0.0,1.0,1.0,1.0,1.0,0.0,7,0.0,0.0,0.0,60.0,0.0,0.0,8,6," 65"" lg nanocell 65nano80vpa",1,0.0,0.0,5.0,0.0,4,0,1.0
64999.0,1,1.0,0.0,0.0,0.0,0.0,0.0,12.0,3,0.0,1.0,1.0,1.0,1.0,0.0,7,0.0,0.0,0.0,60.0,0.0,0.0,8,0," 55"" lg nanocell 55nano80vpa",1,0.0,0.0,5.0,0.0,4,0,1.0
58999.0,0,1.0,0.0,0.0,0.0,0.0,0.0,12.0,3,0.0,1.0,1.0,1.0,1.0,0.0,14,0.0,0.0,0.0,60.0,0.0,0.0,15,1," 55"" grundig 55 ggu 7970a",0,0.0,0.0,5.0,0.0,3,0,1.0
29999.0,0,0.0,0.0,0.0,0.0,9.0,0.0,12.0,3,0.0,0.0,1.0,1.0,1.0,0.0,3,0.0,0.0,0.0,60.0,0.0,127.0,10,1," 50"" realme tv 50 rmv2005",1,0.0,0.0,5.0,0.0,3,13,1.0
84999.0,0,1.0,0.0,0.0,0.0,0.0,0.0,12.0,3,0.0,1.0,1.0,1.0,1.0,0.0,14,0.0,0.0,0.0,60.0,0.0,0.0,15,1," 65"" grundig 65 ggu 8960",0,0.0,0.0,5.0,0.0,3,0,1.0
97499.0,1,1.0,1.0,0.0,0.0,0.0,0.0,12.0,3,0.0,1.0,1.0,1.0,1.0,0.0,7,0.0,0.0,0.0,120.0,0.0,0.0,3,1," 55"" sony kd-55x85k",0,16.0,0.0,5.0,0.0,11,0,1.0
51999.0,0,1.0,0.0,0.0,0.0,0.0,0.0,12.0,3,0.0,1.0,1.0,1.0,1.0,0.0,14,0.0,0.0,0.0,60.0,0.0,127.0,15,1," 50"" grundig 50 ggu 7900b",0,0.0,0.0,5.0,0.0,3,13,1.0
59999.0,0,1.0,0.0,0.0,0.0,0.0,0.0,12.0,3,0.0,1.0,1.0,1.0,1.0,0.0,14,0.0,0.0,0.0,60.0,0.0,0.0,15,1," 65"" grundig 65 ggu 7900b",0,0.0,0.0,5.0,0.0,3,13,1.0
42999.0,0,1.0,0.0,0.0,0.0,0.0,0.0,12.0,3,0.0,1.0,1.0,1.0,1.0,0.0,14,0.0,0.0,0.0,60.0,0.0,0.0,15,1," 43"" grundig 43 ggu 7950a",0,0.0,0.0,5.0,0.0,3,7,1.0
9999.0,0,1.0,0.0,0.0,0.0,0.0,0.0,12.0,1,0.0,0.0,0.0,0.0,0.0,0.0,0,0.0,0.0,0.0,50.0,0.0,0.0,13,0," 32"" philips 32phs5505/60",1,0.0,0.0,5.0,0.0,3,13,1.0
39999.0,0,1.0,0.0,0.0,0.0,0.0,0.0,12.0,3,0.0,1.0,1.0,1.0,1.0,0.0,4,0.0,0.0,0.0,60.0,0.0,0.0,13,5," 55"" toshiba 55c350ke",1,0.0,0.0,5.0,0.0,3,0,1.0
44999.0,1,1.0,1.0,0.0,0.0,0.0,0.0,12.0,3,0.0,0.0,1.0,1.0,1.0,0.0,3,0.0,350.0,0.0,60.0,0.0,0.0,13,1," 65"" philips 65pus7406/60",1,0.0,0.0,5.0,0.0,3,0,1.0
21999.0,0,1.0,0.0,0.0,0.0,0.0,0.0,12.0,2,0.0,0.0,0.0,0.0,0.0,0.0,14,1.0,0.0,0.0,50.0,0.0,0.0,13,0," 32"" samsung ue32n5000au",1,0.0,0.0,5.0,0.0,3,0,1.0
77999.0,0,1.0,0.0,0.0,0.0,0.0,0.0,12.0,3,0.0,1.0,1.0,1.0,1.0,0.0,14,0.0,0.0,0.0,60.0,0.0,0.0,15,1," 65"" grundig 65 ggu 7970a",0,0.0,0.0,5.0,0.0,3,7,1.0
14400.0,0,0.0,1.0,0.0,0.0,0.0,0.0,12.0,2,0.0,0.0,1.0,1.0,0.0,1200.0,2,1.0,0.0,0.0,60.0,0.0,0.0,13,0," 43"" hisense 43a5730fa",1,0.0,0.0,5.0,0.0,3,0,1.0
54999.0,0,1.0,1.0,1.0,0.0,0.0,0.0,12.0,3,0.0,1.0,1.0,1.0,1.0,0.0,14,0.0,0.0,20.0,60.0,0.0,0.0,13,5," 65"" toshiba 65c350ke",1,0.0,0.0,5.0,0.0,3,0,1.0
24999.0,0,0.0,1.0,0.0,0.0,0.0,0.0,12.0,3,0.0,0.0,1.0,1.0,0.0,0.0,7,0.0,0.0,0.0,60.0,0.0,0.0,16,1," 43"" artel ua43h3502",1,16.0,2.0,5.0,0.0,3,0,1.0
23999.0,0,1.0,1.0,0.0,0.0,0.0,0.0,12.0,3,0.0,0.0,1.0,1.0,1.0,0.0,3,0.0,0.0,0.0,60.0,0.0,0.0,13,1," 43"" haier 43 smart tv mx",1,0.0,0.0,4.0,0.0,3,0,1.0
159999.0,1,1.0,1.0,1.0,0.0,0.0,0.0,12.0,3,0.0,1.0,0.0,0.0,1.0,0.0,14,1.0,0.0,30.0,120.0,0.0,0.0,12,1," 55"" philips 55oled807/12",1,0.0,0.0,5.0,0.0,7,0,1.0
17999.0,0,1.0,0.0,0.0,0.0,0.0,0.0,12.0,3,0.0,0.0,1.0,0.0,0.0,0.0,3,1.0,250.0,0.0,0.0,0.0,127.0,2,1," 50"" витязь 50lu1204 smart",1,0.0,0.0,4.0,0.0,6,0,1.0
28999.0,0,1.0,1.0,0.0,0.0,0.0,0.0,12.0,3,0.0,1.0,1.0,1.0,1.0,0.0,3,0.0,0.0,0.0,60.0,0.0,127.0,13,0," 50"" haier smart tv mx",1,0.0,0.0,4.0,0.0,3,0,1.0
9399.0,1,1.0,1.0,0.0,0.0,0.0,0.0,12.0,2,0.0,0.0,0.0,0.0,0.0,0.0,14,0.0,0.0,0.0,0.0,0.0,0.0,2,0," 32"" hi vhit-32f102ss silver",1,0.0,0.0,4.0,0.0,6,6,1.0
24999.0,0,1.0,0.0,0.0,0.0,0.0,0.0,12.0,1,0.0,1.0,1.0,1.0,0.0,0.0,14,0.0,0.0,0.0,60.0,0.0,0.0,15,1," 32"" grundig 32 ggh 6900b",0,0.0,0.0,5.0,0.0,3,13,1.0
149999.0,0,1.0,0.0,0.0,0.0,0.0,0.0,12.0,3,0.0,1.0,1.0,1.0,1.0,0.0,14,0.0,0.0,0.0,60.0,0.0,0.0,15,1," 55"" grundig 55 oled gg 970b",0,0.0,0.0,5.0,0.0,7,0,1.0
54999.0,0,1.0,1.0,0.0,0.0,0.0,0.0,12.0,3,0.0,1.0,1.0,1.0,1.0,0.0,8,0.0,0.0,0.0,60.0,0.0,0.0,10,1," 65"" haier 65 smart tv mx",1,0.0,0.0,5.0,0.0,3,0,1.0
8699.0,0,1.0,1.0,0.0,0.0,0.0,0.0,12.0,1,0.0,0.0,1.0,0.0,0.0,0.0,14,0.0,0.0,0.0,50.0,0.0,61.0,2,8," 24"" novex nwx-24h121wsy",1,0.0,0.0,4.0,0.0,3,1,1.0
139999.0,1,1.0,1.0,1.0,0.0,0.0,0.0,12.0,3,1.0,1.0,1.0,1.0,1.0,0.0,6,0.0,0.0,20.0,120.0,0.0,0.0,13,6," 55"" lg oled55c14lb",1,0.0,0.0,5.0,0.0,7,0,1.0
64999.0,0,1.0,0.0,0.0,0.0,0.0,0.0,12.0,3,0.0,1.0,1.0,1.0,1.0,0.0,3,0.0,0.0,0.0,60.0,0.0,0.0,13,4," 55"" samsung ue55au7100uxce",1,0.0,0.0,5.0,0.0,3,0,1.0
138999.0,1,1.0,1.0,1.0,0.0,0.0,0.0,12.0,3,0.0,1.0,1.0,1.0,1.0,0.0,6,0.0,0.0,20.0,120.0,0.0,0.0,13,0," 55"" lg oled55c1rla",1,0.0,0.0,5.0,0.0,7,0,1.0
15999.0,0,1.0,1.0,0.0,0.0,0.0,0.0,12.0,2,0.0,1.0,1.0,1.0,1.0,0.0,14,0.0,0.0,0.0,60.0,0.0,0.0,13,1," 43"" hec r1 43 s fhd (dh1u8cd03ru)",1,0.0,0.0,5.0,0.0,3,0,1.0
13999.0,0,1.0,0.0,0.0,0.0,0.0,0.0,12.0,1,0.0,0.0,0.0,0.0,0.0,0.0,0,1.0,200.0,0.0,0.0,0.0,0.0,13,0," 32"" samsung ue32n4010auxru",1,0.0,0.0,5.0,0.0,3,0,1.0
8499.0,0,1.0,0.0,0.0,1.0,0.0,6.5,12.0,1,0.0,0.0,0.0,0.0,0.0,3000.0,0,1.0,200.0,0.0,60.0,0.0,0.0,10,0," 32"" tcl led32d3000",1,0.0,0.0,5.0,0.0,3,0,1.0
67199.0,0,0.0,0.0,0.0,0.0,0.0,0.0,12.0,3,1.0,1.0,1.0,1.0,1.0,0.0,14,1.0,0.0,0.0,60.0,0.0,0.0,13,6," 65"" lg 65uq80006lb",0,0.0,0.0,5.0,0.0,3,7,1.0
74999.0,0,0.0,0.0,0.0,0.0,0.0,0.0,12.0,3,0.0,1.0,1.0,1.0,1.0,0.0,4,0.0,0.0,0.0,60.0,0.0,0.0,10,5," 65"" toshiba 65c450ke",0,0.0,0.0,5.0,0.0,8,0,1.0
28999.0,0,1.0,1.0,0.0,0.0,0.0,0.0,12.0,3,0.0,0.0,1.0,1.0,0.0,0.0,10,0.0,0.0,0.0,60.0,0.0,0.0,2,8," 65"" hi vhix-65u169msy  ",1,0.0,0.0,4.0,0.0,3,0,1.0
33999.0,0,1.0,0.0,0.0,0.0,0.0,0.0,12.0,3,0.0,0.0,1.0,0.0,0.0,3000.0,8,0.0,0.0,0.0,60.0,0.0,0.0,10,1," 55"" haier le55u6900ug",1,8.0,0.0,5.0,0.0,3,0,1.0
28999.0,0,1.0,0.0,0.0,0.0,0.0,0.0,12.0,3,0.0,0.0,1.0,0.0,0.0,0.0,10,1.0,250.0,0.0,0.0,0.0,0.0,2,1," 65"" витязь 65lu1204 smart",1,0.0,0.0,5.0,0.0,6,0,1.0
15999.0,0,1.0,1.0,0.0,0.0,0.0,0.0,12.0,3,0.0,0.0,1.0,0.0,0.0,1200.0,3,1.0,0.0,0.0,0.0,0.0,0.0,2,1," 43"" витязь 43lu1204",1,0.0,0.0,5.0,0.0,3,0,1.0
47999.0,0,1.0,0.0,0.0,0.0,0.0,0.0,12.0,3,0.0,1.0,1.0,1.0,1.0,0.0,3,0.0,0.0,0.0,60.0,0.0,127.0,13,6," 50"" lg nanocell 50nano766pa",1,0.0,0.0,4.0,0.0,4,0,1.0
80000.0,0,0.0,0.0,0.0,0.0,0.0,0.0,12.0,3,0.0,1.0,1.0,1.0,1.0,0.0,10,1.0,0.0,0.0,60.0,0.0,0.0,13,6," 70"" lg 70up81006la",1,0.0,0.0,5.0,0.0,3,0,1.0
20999.0,0,1.0,0.0,0.0,0.0,4.0,0.0,12.0,2,0.0,0.0,1.0,0.0,1.0,0.0,14,0.0,0.0,0.0,50.0,0.0,0.0,5,4," 32"" samsung ue32t5300au",1,0.0,0.0,5.0,0.0,3,0,1.0
8499.0,0,1.0,1.0,0.0,0.0,3.9,0.0,12.0,1,0.0,0.0,1.0,0.0,0.0,0.0,0,0.0,0.0,0.0,60.0,0.0,0.0,2,1," 32"" витязь 32lh1215",1,0.0,0.0,5.0,0.0,3,0,1.0
5999.0,0,1.0,1.0,0.0,0.0,0.0,0.0,12.0,1,0.0,0.0,0.0,0.0,0.0,0.0,14,0.0,0.0,0.0,0.0,0.0,61.0,2,0," 24"" novex nwt-24h133ss silver",1,0.0,0.0,4.0,0.0,3,6,1.0
79999.0,1,1.0,1.0,0.0,0.0,0.0,0.0,12.0,3,0.0,0.0,1.0,1.0,1.0,0.0,7,0.0,350.0,0.0,60.0,0.0,0.0,13,1," 70"" philips 70pus7956/60",1,0.0,0.0,5.0,0.0,3,0,1.0
9600.0,0,1.0,1.0,0.0,0.0,0.0,0.0,12.0,2,0.0,0.0,0.0,0.0,0.0,0.0,14,0.0,0.0,0.0,50.0,0.0,0.0,2,0," 43"" novex nwt-43f171ms",1,0.0,0.0,4.0,0.0,3,13,1.0
19999.0,1,1.0,0.0,0.0,0.0,0.0,0.0,12.0,1,0.0,1.0,1.0,1.0,1.0,0.0,3,1.0,0.0,0.0,60.0,0.0,0.0,13,6," 32"" lg 32lq630b6la",0,0.0,0.0,5.0,0.0,3,0,1.0
11899.0,0,1.0,1.0,0.0,0.0,0.0,0.0,12.0,2,0.0,0.0,1.0,0.0,0.0,0.0,14,0.0,0.0,0.0,0.0,0.0,0.0,2,8," 32"" hi vhix-32f102tsy",1,0.0,0.0,4.0,0.0,3,7,1.0
29999.0,0,1.0,1.0,0.0,0.0,0.0,0.0,12.0,3,0.0,1.0,1.0,1.0,1.0,0.0,14,1.0,0.0,0.0,60.0,0.0,0.0,13,1," 43"" philips 43pus8057/60",1,0.0,0.0,5.0,0.0,3,0,1.0
34999.0,0,0.0,0.0,0.0,0.0,0.0,0.0,12.0,3,0.0,0.0,1.0,1.0,1.0,0.0,3,0.0,0.0,0.0,60.0,0.0,0.0,10,1," 55"" realme tv 55 rmv2001",1,0.0,0.0,4.0,0.0,10,13,1.0
30999.0,1,1.0,0.0,0.0,0.0,0.0,0.0,12.0,3,0.0,0.0,1.0,1.0,0.0,0.0,3,1.0,0.0,0.0,60.0,0.0,0.0,10,6," 43"" lg 43uq75006lf",1,0.0,0.0,5.0,0.0,3,0,0.0
39499.0,0,1.0,0.0,0.0,0.0,0.0,0.0,12.0,3,0.0,1.0,1.0,1.0,1.0,0.0,3,0.0,0.0,0.0,60.0,0.0,127.0,13,4," 50"" samsung ue50au7100u",1,0.0,0.0,5.0,0.0,3,0,1.0
36499.0,0,1.0,0.0,0.0,0.0,0.0,0.0,12.0,3,0.0,1.0,1.0,1.0,1.0,0.0,3,0.0,0.0,0.0,60.0,0.0,0.0,13,4," 43"" samsung ue43au7100u",1,0.0,0.0,5.0,0.0,3,0,1.0
41999.0,0,1.0,1.0,0.0,0.0,0.0,0.0,12.0,3,0.0,1.0,1.0,1.0,1.0,0.0,14,1.0,0.0,0.0,60.0,0.0,0.0,13,1," 55"" philips 55pus8057/60",1,0.0,0.0,5.0,0.0,3,0,1.0
6999.0,0,1.0,1.0,0.0,0.0,0.0,0.0,12.0,1,0.0,0.0,0.0,0.0,0.0,0.0,14,0.0,0.0,0.0,0.0,0.0,61.0,2,0," 24"" novex nwt-24h121ms black",1,0.0,0.0,4.0,0.0,3,13,0.0
64999.0,0,0.0,0.0,0.0,0.0,0.0,0.0,12.0,3,0.0,1.0,1.0,1.0,1.0,0.0,3,1.0,0.0,0.0,60.0,0.0,127.0,13,4," 50"" samsung qe50q60bauxce",1,0.0,0.0,5.0,0.0,8,0,0.0
39999.0,1,1.0,0.0,0.0,0.0,0.0,0.0,12.0,3,0.0,0.0,1.0,1.0,1.0,0.0,7,1.0,0.0,0.0,60.0,0.0,0.0,13,6," 55"" lg 55uq76003ld",1,0.0,0.0,5.0,0.0,3,0,0.0
48999.0,0,1.0,1.0,0.0,0.0,0.0,6.5,12.0,3,0.0,0.0,0.0,0.0,1.0,6000.0,14,0.0,300.0,0.0,60.0,0.0,0.0,10,1," 65"" haier 65 smart tv s1",1,0.0,0.0,5.0,0.0,3,0,1.0
5760.0,0,1.0,0.0,0.0,0.0,0.0,0.0,12.0,1,0.0,0.0,1.0,1.0,0.0,0.0,0,0.0,0.0,0.0,60.0,0.0,61.0,2,8," 24"" v-home 24lh1211",1,0.0,0.0,4.0,0.0,3,0,1.0
16790.0,0,0.0,1.0,0.0,0.0,0.0,8.0,12.0,2,0.0,0.0,1.0,0.0,0.0,80000.0,8,0.0,240.0,0.0,60.0,0.0,0.0,13,1," 40"" harper 40f660ts bl",1,4.0,0.0,5.0,0.0,3,13,0.0
44999.0,0,1.0,0.0,0.0,0.0,0.0,0.0,12.0,3,0.0,1.0,1.0,1.0,1.0,0.0,3,0.0,0.0,0.0,60.0,0.0,0.0,13,4," 55"" samsung ue55au7002u",0,0.0,0.0,5.0,0.0,3,0,1.0
9990.0,0,1.0,1.0,0.0,0.0,0.0,8.0,12.0,1,0.0,0.0,1.0,0.0,0.0,0.0,0,1.0,200.0,0.0,60.0,0.0,61.0,13,0," 24"" supra stv-lc24st0045w",1,8.0,1.0,4.0,0.0,3,0,0.0
82999.0,1,1.0,0.0,0.0,0.0,0.0,0.0,12.0,3,1.0,1.0,1.0,1.0,1.0,0.0,6,1.0,0.0,0.0,60.0,0.0,0.0,13,6," 48"" lg oled48a2rla",1,0.0,0.0,5.0,0.0,7,0,1.0
9400.0,0,1.0,1.0,0.0,0.0,0.0,8.0,12.0,1,0.0,0.0,0.0,0.0,1.0,60000.0,14,1.0,200.0,0.0,60.0,0.0,61.0,13,1," 24"" harper 24r490ts",1,8.0,1.0,5.0,0.0,3,0,0.0
41999.0,1,1.0,0.0,0.0,0.0,0.0,0.0,12.0,3,1.0,1.0,1.0,1.0,1.0,0.0,3,0.0,0.0,0.0,60.0,0.0,127.0,13,6," 50"" lg 50uq81009lc",1,0.0,0.0,5.0,0.0,6,0,1.0
54999.0,1,0.0,0.0,0.0,0.0,0.0,8.0,12.0,3,0.0,0.0,1.0,1.0,1.0,0.0,3,1.0,0.0,0.0,50.0,0.0,127.0,13,4," 50"" samsung ue50bu8000u",1,0.0,0.0,5.0,0.0,3,0,0.0
32490.0,0,1.0,0.0,0.0,0.0,0.0,8.0,12.0,3,0.0,1.0,1.0,1.0,1.0,5000.0,7,0.0,0.0,0.0,60.0,0.0,127.0,13,1," 50"" tcl 50c635 smart black",1,0.0,0.0,0.0,0.0,8,0,0.0
33999.0,0,1.0,1.0,0.0,0.0,0.0,8.0,12.0,3,0.0,1.0,0.0,0.0,0.0,5000.0,14,0.0,250.0,0.0,60.0,0.0,0.0,10,1," 43"" haier 43 smart tv s3",1,0.0,0.0,5.0,0.0,3,0,1.0
109999.0,0,1.0,1.0,0.0,0.0,0.0,8.5,12.0,3,0.0,1.0,0.0,0.0,1.0,5000.0,14,0.0,350.0,0.0,60.0,1.0,0.0,10,1," 75"" haier 75 smart tv s3",1,0.0,0.0,5.0,0.0,8,0,1.0
30999.0,1,1.0,1.0,0.0,0.0,0.0,0.0,12.0,3,0.0,0.0,1.0,1.0,1.0,0.0,3,1.0,0.0,0.0,60.0,0.0,0.0,10,6," 43"" lg 43uq75006lf",1,0.0,0.0,0.0,0.0,3,0,1.0
11990.0,1,1.0,1.0,0.0,0.0,2.8,8.0,12.0,1,0.0,0.0,0.0,0.0,0.0,80000.0,0,1.0,200.0,0.0,60.0,0.0,61.0,13,0," 24"" goldstar lt-24r800",0,0.0,0.0,0.0,0.0,3,13,1.0
21790.0,0,1.0,0.0,0.0,0.0,0.0,8.0,12.0,2,0.0,1.0,0.0,0.0,1.0,1200.0,14,1.0,200.0,0.0,60.0,0.0,0.0,2,8," 43"" maunfeld mlt43fsx02",1,0.0,0.0,5.0,0.0,3,0,1.0
16390.0,0,1.0,0.0,0.0,0.0,0.0,8.0,12.0,3,0.0,0.0,1.0,0.0,1.0,4000.0,3,1.0,230.0,0.0,0.0,0.0,0.0,13,1," 43"" topdevice tdtv43bs06u_bk",1,0.0,0.0,5.0,0.0,3,0,1.0
24690.0,0,1.0,0.0,0.0,0.0,0.0,8.0,12.0,3,0.0,0.0,1.0,0.0,1.0,6000.0,3,1.0,250.0,0.0,0.0,0.0,0.0,13,1," 55"" topdevice tdtv55bs06u_bk",1,0.0,0.0,5.0,0.0,3,0,1.0
12490.0,1,1.0,1.0,0.0,0.0,0.0,8.0,12.0,1,0.0,0.0,1.0,0.0,0.0,0.0,14,1.0,220.0,0.0,60.0,0.0,0.0,13,1," 32"" goldstar lt-32r900",1,1.0,8.0,0.0,0.0,3,0,1.0
15990.0,1,0.0,1.0,0.0,0.0,0.0,0.0,12.0,1,0.0,1.0,1.0,1.0,0.0,0.0,3,0.0,0.0,0.0,60.0,0.0,99.0,10,1," 39"" supra stv-lc39st0045w",1,0.0,0.0,0.0,0.0,3,13,0.0
46999.0,0,1.0,1.0,0.0,0.0,0.0,0.0,12.0,3,0.0,1.0,1.0,1.0,1.0,0.0,2,0.0,0.0,0.0,60.0,0.0,0.0,15,0," 43"" grundig 43 ghu 7980",1,0.0,0.0,5.0,0.0,3,0,1.0
46999.0,0,0.0,0.0,0.0,0.0,0.0,0.0,0.0,0,0.0,0.0,0.0,0.0,0.0,0.0,14,0.0,0.0,0.0,0.0,0.0,0.0,0,0," 32"" xiaomi mi tv a2 32 black",0,0.0,0.0,0.0,0.0,6,0,0.0
54999.0,0,1.0,1.0,0.0,0.0,0.0,0.0,12.0,3,0.0,1.0,1.0,1.0,1.0,0.0,2,0.0,0.0,0.0,60.0,0.0,0.0,15,0," 55"" grundig 55 ghu 7830",1,0.0,0.0,5.0,0.0,3,0,1.0
49999.0,0,1.0,1.0,0.0,0.0,0.0,0.0,12.0,3,0.0,1.0,1.0,1.0,1.0,0.0,2,0.0,0.0,0.0,60.0,0.0,127.0,15,0," 50"" grundig 50 ghu 7980",1,0.0,0.0,5.0,0.0,3,0,1.0
30490.0,0,1.0,1.0,0.0,0.0,0.0,0.0,12.0,3,0.0,1.0,0.0,0.0,1.0,0.0,14,0.0,0.0,0.0,60.0,0.0,0.0,10,1," 43"" xiaomi mi tv a2, smart tv",1,0.0,0.0,0.0,0.0,3,0,0.0
41690.0,0,1.0,1.0,0.0,0.0,0.0,0.0,12.0,3,0.0,1.0,0.0,0.0,1.0,0.0,14,0.0,0.0,0.0,60.0,0.0,127.0,10,1," 50"" xiaomi mi tv a2, smart tv",1,16.0,2.0,0.0,0.0,3,0,0.0
11390.0,0,0.0,1.0,0.0,0.0,0.0,8.5,12.0,1,0.0,1.0,1.0,1.0,0.0,0.0,3,0.0,240.0,0.0,60.0,0.0,0.0,13,7," 32"" national nx-32ths120",1,8.0,1.0,0.0,0.0,3,0,0.0
9990.0,0,1.0,1.0,0.0,0.0,0.0,8.0,12.0,1,0.0,0.0,0.0,0.0,0.0,1400.0,2,1.0,200.0,0.0,60.0,0.0,0.0,13,0," 32"" bq 3201b black",1,0.0,0.0,0.0,0.0,3,0,0.0
8700.0,1,1.0,1.0,0.0,1.0,0.0,0.0,12.0,1,0.0,0.0,0.0,0.0,0.0,0.0,0,1.0,200.0,0.0,50.0,0.0,80.0,2,0," 32"" telefunken tf-led32s72t2",1,0.0,0.0,0.0,0.0,3,0,1.0
32190.0,1,1.0,0.0,0.0,1.0,0.0,6.5,12.0,3,0.0,0.0,0.0,0.0,1.0,5000.0,14,1.0,250.0,0.0,60.0,0.0,0.0,2,1," 58"" telefunken tf-led58s05t2su",1,0.0,8.0,0.0,0.0,3,0,1.0
30490.0,1,1.0,0.0,0.0,0.0,0.0,8.0,12.0,3,0.0,1.0,0.0,0.0,1.0,200000.0,14,1.0,300.0,0.0,60.0,0.0,0.0,13,1," 55"" harper 55u660ts",1,8.0,1.5,0.0,0.0,3,0,1.0
29990.0,0,1.0,0.0,0.0,0.0,0.0,6.5,12.0,3,0.0,1.0,0.0,0.0,1.0,6000.0,14,0.0,300.0,0.0,60.0,1.0,0.0,10,1," 55"" haier 55 smart tv s1",1,0.0,0.0,0.0,0.0,3,0,1.0
109999.0,0,1.0,1.0,0.0,0.0,0.0,0.0,12.0,3,0.0,1.0,1.0,1.0,0.0,0.0,9,0.0,0.0,0.0,60.0,0.0,0.0,10,0," 75"" hisense 75a7gq",1,0.0,0.0,5.0,0.0,3,0,1.0
15790.0,0,0.0,1.0,0.0,0.0,0.0,8.0,12.0,2,0.0,1.0,1.0,0.0,0.0,0.0,3,1.0,300.0,0.0,60.0,0.0,0.0,13,0," 42"" econ ex-43fs005b",1,0.0,0.0,0.0,0.0,3,0,1.0
6690.0,1,1.0,0.0,0.0,1.0,0.0,11.5,12.0,1,0.0,0.0,0.0,0.0,0.0,3000.0,2,1.0,200.0,0.0,60.0,0.0,61.0,2,0," 24"" starwind sw-led24bg202 slim design",1,0.0,0.0,5.0,0.0,3,0,1.0
38990.0,0,1.0,0.0,0.0,0.0,0.0,0.0,12.0,3,0.0,1.0,1.0,1.0,1.0,0.0,3,0.0,0.0,0.0,60.0,0.0,0.0,13,4," 43"" samsung ue43au7100uxce",1,0.0,0.0,0.0,0.0,3,0,1.0
10190.0,0,1.0,0.0,0.0,0.0,0.0,6.5,12.0,1,0.0,0.0,0.0,0.0,1.0,3000.0,0,1.0,300.0,0.0,60.0,0.0,0.0,13,0," 32"" thomson t32rte1310",1,0.0,0.0,0.0,0.0,3,0,0.0
13290.0,0,1.0,1.0,0.0,0.0,0.0,8.5,12.0,1,0.0,0.0,1.0,0.0,1.0,3000.0,1,0.0,250.0,0.0,60.0,0.0,0.0,10,1," 32"" hisense 32a4h",1,0.0,0.0,5.0,0.0,3,0,1.0
34890.0,1,1.0,0.0,0.0,0.0,0.0,0.0,12.0,3,0.0,1.0,0.0,0.0,1.0,3800.0,14,1.0,250.0,0.0,60.0,0.0,127.0,10,5," 50"" hisense 50e7hq",1,0.0,0.0,0.0,0.0,8,0,1.0
76990.0,0,1.0,0.0,0.0,0.0,0.0,0.0,12.0,3,0.0,0.0,1.0,1.0,1.0,0.0,3,0.0,0.0,0.0,60.0,0.0,127.0,11,1," 50"" sony kd-50x80k",1,16.0,0.0,0.0,0.0,3,0,1.0
38190.0,1,1.0,1.0,0.0,0.0,0.0,0.0,12.0,3,0.0,0.0,1.0,1.0,1.0,0.0,3,0.0,0.0,0.0,60.0,1.0,0.0,12,6," 43"" lg nanocell 43nano766qa",1,0.0,0.0,0.0,0.0,4,0,1.0
159999.0,0,1.0,0.0,0.0,0.0,0.0,0.0,12.0,3,0.0,1.0,1.0,1.0,1.0,0.0,14,0.0,0.0,0.0,60.0,0.0,0.0,15,1," 55"" grundig 55 gob 9290",0,0.0,0.0,4.0,0.0,7,0,1.0
199999.0,0,1.0,0.0,0.0,0.0,0.0,0.0,12.0,3,0.0,1.0,1.0,1.0,1.0,0.0,14,0.0,0.0,0.0,60.0,0.0,0.0,15,1," 65"" grundig 65 gob 9290",0,0.0,0.0,5.0,0.0,7,0,1.0
69999.0,0,1.0,0.0,0.0,0.0,0.0,0.0,12.0,3,1.0,1.0,1.0,1.0,1.0,0.0,14,1.0,0.0,0.0,60.0,0.0,0.0,5,4," 43"" samsung qe43ls05tau",1,0.0,0.0,5.0,0.0,8,0,1.0
79999.0,1,1.0,0.0,0.0,0.0,0.0,0.0,12.0,3,1.0,0.0,1.0,1.0,1.0,0.0,14,1.0,0.0,0.0,60.0,0.0,0.0,10,6," 65"" lg 65uq91009ld",1,0.0,0.0,5.0,0.0,3,0,0.0
76799.0,1,0.0,0.0,0.0,0.0,0.0,0.0,12.0,3,0.0,1.0,1.0,1.0,1.0,0.0,10,0.0,0.0,0.0,60.0,0.0,0.0,10,6," 55"" lg 55qned7s6qa",1,0.0,0.0,5.0,0.0,9,13,0.0
88499.0,1,1.0,0.0,0.0,0.0,0.0,0.0,12.0,3,0.0,0.0,1.0,1.0,1.0,0.0,9,1.0,0.0,0.0,50.0,0.0,0.0,13,4," 65"" samsung ue65bu8500u",1,0.0,0.0,5.0,0.0,3,0,0.0
199999.0,0,1.0,0.0,0.0,0.0,0.0,0.0,12.0,3,0.0,1.0,1.0,1.0,1.0,0.0,9,1.0,0.0,0.0,100.0,0.0,0.0,13,4," 65"" samsung qe65qn90bau",0,0.0,0.0,5.0,0.0,8,0,1.0
249999.0,0,1.0,0.0,0.0,0.0,0.0,0.0,12.0,3,0.0,1.0,1.0,1.0,1.0,0.0,10,1.0,0.0,0.0,100.0,0.0,0.0,13,4," 75"" samsung qe75qn85bau",1,0.0,0.0,5.0,0.0,8,0,1.0
39999.0,0,1.0,0.0,0.0,0.0,0.0,0.0,12.0,3,0.0,1.0,1.0,1.0,1.0,0.0,3,1.0,0.0,0.0,60.0,0.0,0.0,5,4," 43"" samsung ue43cu7100u",0,0.0,0.0,5.0,0.0,0,0,1.0
117999.0,0,1.0,0.0,0.0,0.0,0.0,0.0,12.0,3,0.0,1.0,1.0,1.0,1.0,0.0,10,1.0,0.0,0.0,60.0,0.0,0.0,5,4," 75"" samsung ue75cu7100u",0,0.0,0.0,5.0,0.0,0,0,1.0
209999.0,0,1.0,0.0,0.0,0.0,0.0,0.0,12.0,3,0.0,1.0,1.0,1.0,1.0,0.0,11,1.0,0.0,0.0,100.0,0.0,0.0,5,4," 85"" samsung ue85cu8000u",0,0.0,0.0,5.0,0.0,0,0,1.0
509999.0,0,1.0,0.0,1.0,0.0,0.0,0.0,12.0,4,0.0,1.0,1.0,1.0,1.0,0.0,9,1.0,0.0,0.0,120.0,0.0,0.0,5,4," 65"" samsung qe65qn900cu",0,0.0,0.0,5.0,0.0,5,0,1.0
59999.0,1,1.0,0.0,0.0,0.0,0.0,0.0,12.0,3,0.0,1.0,0.0,0.0,1.0,0.0,14,1.0,0.0,0.0,50.0,0.0,127.0,10,1," 50"" sony kd-50x75k af1",0,16.0,0.0,0.0,0.0,3,0,1.0
154999.0,1,1.0,0.0,1.0,0.0,0.0,0.0,12.0,3,0.0,1.0,0.0,1.0,1.0,0.0,14,1.0,0.0,0.0,120.0,1.0,0.0,13,6," 75"" lg 75qned916pa",1,0.0,0.0,0.0,0.0,9,0,1.0
15590.0,0,0.0,1.0,0.0,0.0,0.0,6.0,12.0,2,0.0,0.0,1.0,0.0,0.0,0.0,3,1.0,300.0,0.0,60.0,0.0,0.0,13,1," 40"" econ ex-40fs009b",1,8.0,1.0,0.0,0.0,3,0,1.0
21290.0,0,1.0,1.0,0.0,0.0,0.0,8.0,12.0,2,0.0,0.0,0.0,0.0,1.0,90000.0,14,1.0,250.0,0.0,60.0,0.0,0.0,13,1," 43"" harper 43f720ts",1,8.0,1.0,3.0,0.0,3,0,0.0
13290.0,0,1.0,1.0,0.0,0.0,0.0,8.0,12.0,1,0.0,0.0,0.0,0.0,0.0,3000.0,2,0.0,250.0,0.0,50.0,0.0,99.0,13,6," 39"" yuno ulm-39 tc 120",1,0.0,0.0,5.0,0.0,3,0,1.0
63490.0,1,1.0,0.0,0.0,0.0,0.0,0.0,12.0,3,0.0,1.0,0.0,0.0,1.0,0.0,14,1.0,0.0,0.0,60.0,0.0,127.0,13,6," 50"" lg nanocell 50nano776pa",1,0.0,0.0,0.0,0.0,4,0,1.0
57490.0,1,0.0,0.0,0.0,0.0,0.0,0.0,12.0,3,1.0,1.0,1.0,1.0,1.0,0.0,14,1.0,0.0,0.0,60.0,0.0,127.0,13,6," 50"" lg nanocell 50nano756qa",1,0.0,0.0,5.0,0.0,4,0,1.0
52190.0,0,1.0,1.0,0.0,0.0,0.0,0.0,12.0,3,0.0,1.0,1.0,1.0,1.0,0.0,3,0.0,0.0,0.0,50.0,0.0,127.0,15,1," 50"" grundig 50 ggu 7900b",0,16.0,2.0,5.0,0.0,3,0,1.0
45190.0,1,1.0,0.0,0.0,0.0,0.0,0.0,12.0,3,0.0,1.0,1.0,1.0,1.0,0.0,3,1.0,0.0,0.0,60.0,0.0,127.0,17,6," 50"" lg nanocell 50nano766qa.arub",0,0.0,0.0,5.0,0.0,4,0,1.0
49999.0,0,1.0,1.0,0.0,0.0,0.0,8.0,12.0,3,0.0,1.0,0.0,0.0,0.0,5000.0,14,0.0,220.0,0.0,60.0,0.0,127.0,10,1," 50"" haier 50 smart tv ax pro",1,0.0,0.0,5.0,0.0,3,0,1.0
39999.0,0,1.0,1.0,0.0,0.0,0.0,6.5,12.0,3,0.0,1.0,0.0,0.0,0.0,6000.0,14,0.0,320.0,0.0,60.0,0.0,0.0,10,1," 55"" haier 55 smart tv s3",1,0.0,0.0,5.0,0.0,3,0,1.0
54999.0,0,1.0,1.0,0.0,0.0,0.0,6.5,12.0,3,0.0,1.0,0.0,0.0,1.0,6000.0,14,0.0,320.0,0.0,60.0,1.0,0.0,10,1," 65"" haier 65 smart tv s3",1,0.0,0.0,5.0,0.0,8,0,1.0
74999.0,0,1.0,1.0,0.0,0.0,0.0,0.0,12.0,3,0.0,0.0,1.0,1.0,1.0,0.0,7,1.0,0.0,0.0,60.0,0.0,0.0,10,6," 60"" lg 60uq80006lb",1,0.0,0.0,0.0,0.0,3,0,1.0
19990.0,0,0.0,1.0,0.0,0.0,0.0,0.0,12.0,1,0.0,0.0,1.0,1.0,1.0,0.0,14,1.0,0.0,0.0,60.0,0.0,0.0,13,1," 32"" aiwa 32fle9600s",0,0.0,0.0,2.0,0.0,3,13,1.0
16990.0,0,0.0,0.0,0.0,0.0,0.0,0.0,12.0,1,0.0,0.0,0.0,0.0,0.0,0.0,14,0.0,0.0,0.0,60.0,0.0,99.0,13,0," 39"" goldstar lt-39r800",0,0.0,0.0,0.0,0.0,3,13,1.0
73990.0,0,0.0,1.0,0.0,0.0,0.0,0.0,24.0,3,0.0,0.0,1.0,1.0,0.0,1000.0,14,0.0,350.0,0.0,60.0,0.0,0.0,10,1, для кухни avel avs240ks white,1,8.0,0.0,0.0,0.0,3,0,0.0
40990.0,0,1.0,0.0,0.0,0.0,0.0,6.5,12.0,3,0.0,1.0,0.0,0.0,1.0,5000.0,14,1.0,280.0,0.0,60.0,0.0,0.0,2,8," 55"" maunfeld mlt55usx02",1,0.0,0.0,5.0,0.0,3,0,1.0
65990.0,1,0.0,1.0,0.0,0.0,0.0,0.0,24.0,2,0.0,0.0,1.0,0.0,0.0,1000.0,14,0.0,250.0,0.0,60.0,0.0,0.0,10,1, для кухни avel avs240ws black,1,8.0,1.0,0.0,0.0,3,13,0.0
21690.0,0,1.0,0.0,0.0,0.0,0.0,8.0,12.0,3,0.0,0.0,1.0,0.0,1.0,5000.0,3,1.0,250.0,0.0,0.0,0.0,127.0,13,1," 50"" topdevice tdtv50bs06u_bk",1,0.0,0.0,5.0,0.0,3,0,1.0
38990.0,0,1.0,1.0,0.0,0.0,0.0,7.0,12.0,3,0.0,0.0,1.0,0.0,0.0,0.0,10,1.0,280.0,0.0,60.0,0.0,0.0,13,1," 65"" supra stv-lc65st0045u",1,8.0,1.5,0.0,0.0,3,0,0.0
25690.0,1,0.0,1.0,0.0,0.0,0.0,8.0,12.0,2,0.0,0.0,0.0,0.0,0.0,0.0,3,1.0,260.0,0.0,50.0,0.0,0.0,13,0," 43"" econ ex-43ft003b",1,0.0,0.0,0.0,0.0,3,13,0.0
14990.0,0,0.0,1.0,0.0,0.0,0.0,8.0,12.0,2,0.0,0.0,0.0,0.0,0.0,0.0,3,1.0,280.0,0.0,50.0,0.0,0.0,13,1," 40"" econ ex-40ft009b",1,8.0,1.0,0.0,0.0,3,0,1.0
14290.0,1,0.0,1.0,0.0,0.0,0.0,8.0,12.0,2,0.0,0.0,0.0,0.0,0.0,0.0,3,1.0,240.0,0.0,50.0,0.0,0.0,13,0," 40"" skyline 40lt5900",1,0.0,0.0,0.0,0.0,3,0,0.0
14290.0,0,0.0,0.0,0.0,0.0,0.0,0.0,0.0,0,0.0,0.0,0.0,0.0,0.0,0.0,14,0.0,0.0,0.0,0.0,0.0,0.0,0,0," 43"" skyline 43lt5900",0,0.0,0.0,0.0,0.0,6,0,0.0
126690.0,1,1.0,1.0,0.0,0.0,0.0,0.0,12.0,3,0.0,1.0,0.0,1.0,1.0,0.0,14,1.0,0.0,0.0,60.0,0.0,0.0,8,6," 75"" lg 75uq81009lc",1,0.0,0.0,0.0,0.0,3,0,1.0
220790.0,1,1.0,0.0,0.0,0.0,0.0,0.0,12.0,3,0.0,1.0,0.0,1.0,1.0,0.0,14,1.0,0.0,0.0,120.0,0.0,0.0,12,6," 86"" lg 86uq91006la",1,0.0,0.0,0.0,0.0,3,0,1.0
171990.0,1,1.0,0.0,0.0,0.0,0.0,0.0,12.0,3,0.0,1.0,1.0,1.0,1.0,0.0,14,1.0,0.0,0.0,50.0,0.0,0.0,10,1," 75"" sony kd-75x81k",1,16.0,0.0,0.0,0.0,3,0,1.0
23999.0,0,0.0,1.0,0.0,0.0,0.0,0.0,12.0,2,0.0,1.0,1.0,1.0,0.0,0.0,14,0.0,0.0,0.0,60.0,0.0,0.0,2,1," 43"" kivi 43f750nb",0,0.0,0.0,0.0,0.0,3,13,1.0
22999.0,0,0.0,1.0,0.0,0.0,0.0,0.0,12.0,3,0.0,1.0,1.0,1.0,1.0,0.0,14,0.0,0.0,0.0,60.0,0.0,0.0,2,1," 43"" kivi 43u740nb",0,0.0,0.0,5.0,0.0,3,13,1.0
30190.0,0,1.0,0.0,0.0,0.0,0.0,0.0,12.0,3,0.0,0.0,1.0,1.0,1.0,3800.0,3,1.0,250.0,0.0,60.0,0.0,0.0,10,5," 43"" hisense 43e7hq",1,0.0,0.0,5.0,0.0,8,0,1.0
63490.0,1,1.0,0.0,0.0,0.0,0.0,0.0,12.0,3,1.0,1.0,1.0,1.0,1.0,0.0,14,1.0,0.0,0.0,60.0,0.0,0.0,13,6," 55"" lg 55uq81009lc",1,0.0,0.0,0.0,0.0,3,0,1.0
46990.0,0,0.0,1.0,0.0,0.0,17.1,0.0,12.0,3,0.0,0.0,1.0,1.0,0.0,0.0,14,0.0,0.0,0.0,60.0,0.0,0.0,10,6," 58"" bq 58u750ts",1,0.0,0.0,0.0,0.0,3,13,1.0
114990.0,1,1.0,1.0,0.0,0.0,0.0,0.0,12.0,3,0.0,1.0,0.0,0.0,1.0,0.0,14,1.0,0.0,0.0,100.0,0.0,0.0,14,1," 55"" sony xr-55x90s",0,16.0,0.0,5.0,0.0,3,0,1.0
22290.0,1,0.0,1.0,0.0,0.0,9.3,0.0,12.0,3,0.0,0.0,1.0,0.0,0.0,0.0,14,0.0,0.0,0.0,60.0,0.0,127.0,13,1," 50"" blackton bt 50fsu32b",1,0.0,0.0,0.0,0.0,3,13,0.0
17990.0,1,0.0,1.0,1.0,0.0,0.0,8.0,12.0,2,0.0,0.0,1.0,1.0,0.0,0.0,2,0.0,260.0,0.0,60.0,0.0,0.0,13,8," 43"" yuno ulx-43ftcs2234",1,8.0,1.0,0.0,0.0,3,0,0.0
43990.0,1,0.0,1.0,0.0,0.0,0.0,8.0,12.0,3,0.0,0.0,0.0,0.0,1.0,0.0,14,1.0,300.0,0.0,60.0,0.0,0.0,2,1," 65"" skyline 65u7510",1,8.0,1.5,0.0,0.0,3,0,1.0
119990.0,0,1.0,0.0,0.0,0.0,0.0,1.0,12.0,3,0.0,0.0,1.0,1.0,1.0,0.0,14,0.0,1000.0,0.0,120.0,0.0,0.0,10,1," 65"" haier h65s9ug pro",1,0.0,0.0,4.0,0.0,7,0,1.0
8799.0,0,1.0,1.0,0.0,0.0,2.2,0.0,12.0,1,0.0,0.0,0.0,0.0,0.0,0.0,0,0.0,0.0,0.0,0.0,0.0,61.0,2,0," 24"" hi vhit-24h179ms",1,0.0,0.0,0.0,0.0,3,13,1.0
39999.0,0,0.0,1.0,0.0,0.0,0.0,0.0,12.0,3,0.0,1.0,1.0,1.0,1.0,0.0,14,0.0,0.0,0.0,60.0,0.0,0.0,2,1," 55"" kivi 55u750nb",0,0.0,0.0,5.0,0.0,3,13,1.0
14999.0,0,0.0,1.0,0.0,0.0,0.0,0.0,12.0,1,0.0,1.0,1.0,1.0,1.0,0.0,14,0.0,0.0,0.0,60.0,0.0,0.0,2,1," 32"" kivi 32h740lw",0,0.0,0.0,5.0,0.0,3,1,1.0
9999.0,0,0.0,1.0,0.0,0.0,0.0,0.0,12.0,1,0.0,0.0,0.0,0.0,0.0,0.0,14,0.0,0.0,0.0,60.0,0.0,0.0,2,0," 32"" kivi 32h550nb",0,0.0,0.0,5.0,0.0,3,13,1.0
17999.0,0,0.0,1.0,0.0,0.0,0.0,8.5,12.0,2,0.0,1.0,1.0,1.0,1.0,6000.0,14,0.0,300.0,0.0,60.0,0.0,0.0,2,1," 32"" kivi 32f740lb",1,8.0,1.0,5.0,0.0,3,0,1.0
18999.0,0,0.0,1.0,0.0,0.0,0.0,8.5,12.0,2,0.0,1.0,1.0,1.0,1.0,6000.0,2,0.0,300.0,0.0,60.0,0.0,0.0,2,1," 32"" kivi 32f790lw",1,8.0,1.0,5.0,0.0,3,0,1.0
45190.0,1,0.0,0.0,0.0,0.0,0.0,0.0,12.0,3,0.0,0.0,1.0,1.0,1.0,3800.0,4,1.0,250.0,0.0,60.0,1.0,0.0,10,5," 55"" hisense 55e7hq smart",1,0.0,0.0,5.0,0.0,8,0,1.0
15999.0,0,0.0,1.0,0.0,0.0,0.0,0.0,12.0,1,0.0,1.0,1.0,1.0,0.0,0.0,14,0.0,0.0,0.0,60.0,0.0,61.0,2,1," 24"" kivi 24h750nb",0,0.0,0.0,5.0,0.0,3,13,1.0
41999.0,0,1.0,1.0,0.0,0.0,0.0,0.0,12.0,3,0.0,1.0,1.0,1.0,1.0,0.0,2,0.0,0.0,0.0,60.0,0.0,0.0,15,1," 43"" grundig 43 ghu 7830",1,0.0,0.0,5.0,0.0,3,0,1.0
45999.0,0,1.0,1.0,0.0,0.0,0.0,0.0,12.0,3,0.0,1.0,1.0,1.0,1.0,0.0,2,0.0,0.0,0.0,60.0,0.0,0.0,15,0," 43"" grundig 43 ghu 7930",0,0.0,0.0,5.0,0.0,3,0,1.0
174999.0,0,0.0,1.0,0.0,0.0,0.0,3.0,12.0,3,0.0,1.0,1.0,1.0,1.0,150000.0,14,1.0,150.0,0.0,120.0,0.0,0.0,10,5," 55"" toshiba 55x9900le",1,0.0,0.0,5.0,0.0,7,0,1.0
55999.0,0,1.0,1.0,0.0,0.0,0.0,0.0,12.0,3,0.0,1.0,1.0,1.0,1.0,0.0,2,0.0,0.0,0.0,60.0,0.0,127.0,15,0," 50"" grundig 50 ghu 7930",1,0.0,0.0,5.0,0.0,3,0,1.0
59999.0,0,1.0,1.0,0.0,0.0,0.0,0.0,12.0,3,0.0,1.0,1.0,1.0,1.0,0.0,2,0.0,0.0,0.0,60.0,0.0,0.0,15,0," 55"" grundig 55 ghu 7980",1,0.0,0.0,5.0,0.0,3,0,1.0
64999.0,0,1.0,1.0,0.0,0.0,0.0,0.0,12.0,3,0.0,1.0,1.0,1.0,1.0,0.0,2,0.0,0.0,0.0,60.0,0.0,0.0,15,0," 55"" grundig 55 ghu 7930",1,0.0,0.0,5.0,0.0,3,0,1.0
78999.0,0,1.0,1.0,0.0,0.0,0.0,0.0,12.0,3,0.0,1.0,1.0,1.0,1.0,0.0,2,0.0,0.0,0.0,60.0,0.0,0.0,15,0," 65"" grundig 65 ghu 7930",1,0.0,0.0,5.0,0.0,3,0,1.0
74999.0,0,1.0,1.0,0.0,0.0,0.0,0.0,12.0,3,0.0,1.0,1.0,1.0,1.0,0.0,2,0.0,0.0,0.0,60.0,0.0,0.0,15,0," 65"" grundig 65 ghu 7980",1,0.0,0.0,5.0,0.0,3,0,1.0
129999.0,0,1.0,1.0,0.0,0.0,0.0,0.0,12.0,3,0.0,1.0,1.0,1.0,1.0,0.0,2,0.0,0.0,0.0,60.0,0.0,0.0,15,0," 75"" grundig 75 ghu 7930",1,0.0,0.0,0.0,0.0,3,0,1.0
225190.0,1,0.0,1.0,0.0,0.0,0.0,0.0,12.0,3,0.0,0.0,1.0,0.0,1.0,1200.0,11,0.0,0.0,0.0,120.0,0.0,0.0,10,5," 75"" hisense 75u8hq smart black",1,0.0,0.0,0.0,0.0,8,0,1.0
48890.0,0,1.0,1.0,0.0,0.0,0.0,0.0,12.0,3,0.0,1.0,0.0,0.0,1.0,0.0,14,0.0,0.0,0.0,60.0,0.0,0.0,10,1," 55"" xiaomi mi tv a2, smart tv",1,16.0,2.0,0.0,0.0,3,0,0.0
175190.0,0,0.0,0.0,0.0,0.0,0.0,0.0,12.0,3,0.0,0.0,1.0,1.0,1.0,150000.0,14,1.0,0.0,0.0,120.0,1.0,0.0,10,0," 65"" hisense 65a85h smart black",1,0.0,0.0,0.0,0.0,7,8,1.0
42190.0,1,1.0,1.0,0.0,0.0,0.0,0.0,12.0,3,0.0,0.0,1.0,1.0,1.0,0.0,14,1.0,0.0,0.0,60.0,0.0,0.0,13,1," 55"" philips 55pus8057/60 silver",1,0.0,0.0,0.0,0.0,3,0,1.0
50190.0,0,1.0,1.0,0.0,0.0,0.0,6.5,12.0,3,0.0,0.0,1.0,1.0,0.0,0.0,6,0.0,380.0,0.0,60.0,0.0,0.0,13,7," 65"" national nx-65tus120",1,8.0,1.5,0.0,0.0,3,0,0.0
90190.0,0,1.0,0.0,0.0,0.0,0.0,0.0,12.0,3,0.0,0.0,1.0,1.0,1.0,5000.0,14,1.0,0.0,0.0,120.0,1.0,0.0,10,5," 65"" hisense 65u7hq smart black",1,0.0,0.0,0.0,0.0,8,0,1.0
41290.0,1,1.0,1.0,0.0,0.0,0.0,0.0,12.0,3,0.0,1.0,1.0,1.0,1.0,0.0,3,0.0,0.0,0.0,60.0,0.0,0.0,13,4," 43"" samsung ue43au7100",1,0.0,0.0,0.0,0.0,3,0,1.0
37790.0,1,1.0,1.0,0.0,0.0,0.0,0.0,12.0,3,0.0,1.0,0.0,0.0,1.0,0.0,14,1.0,0.0,0.0,60.0,1.0,0.0,13,6," 43"" lg 43uq76003",1,0.0,0.0,0.0,0.0,3,0,1.0
41990.0,1,1.0,1.0,0.0,0.0,0.0,0.0,12.0,3,0.0,1.0,0.0,0.0,1.0,0.0,14,1.0,0.0,0.0,60.0,1.0,0.0,13,6," 43"" lg 43uq80006",1,0.0,0.0,0.0,0.0,3,0,1.0
22990.0,0,1.0,0.0,0.0,0.0,0.0,6.5,12.0,3,0.0,1.0,0.0,0.0,1.0,5000.0,14,0.0,250.0,0.0,60.0,1.0,0.0,13,1," 43"" haier 43 smart tv s1",1,0.0,0.0,4.0,0.0,3,0,1.0
19190.0,0,1.0,0.0,0.0,0.0,0.0,6.5,12.0,3,0.0,1.0,1.0,1.0,1.0,0.0,14,0.0,230.0,0.0,60.0,0.0,0.0,13,9," 43"" accesstyle u43ey1500b",1,8.0,1.5,0.0,0.0,3,0,0.0
18490.0,1,0.0,1.0,0.0,1.0,0.0,8.0,12.0,3,0.0,1.0,0.0,0.0,1.0,1200.0,14,0.0,230.0,0.0,60.0,0.0,0.0,2,8," 43"" telefunken tf-led43s97t2su",1,0.0,8.0,0.0,0.0,6,0,1.0
19990.0,0,1.0,1.0,0.0,0.0,0.0,9.5,12.0,3,0.0,1.0,1.0,1.0,0.0,0.0,14,0.0,300.0,0.0,60.0,0.0,0.0,13,7," 43"" national nx-43tus120",1,8.0,1.5,0.0,0.0,3,0,0.0
169990.0,1,1.0,0.0,1.0,0.0,0.0,0.0,12.0,3,1.0,1.0,1.0,1.0,1.0,0.0,14,1.0,0.0,20.0,120.0,1.0,0.0,8,6," 65"" lg 65qned876qb",1,0.0,0.0,5.0,0.0,9,0,1.0
52490.0,1,1.0,1.0,0.0,0.0,0.0,0.0,12.0,3,0.0,1.0,0.0,1.0,1.0,0.0,14,1.0,0.0,0.0,50.0,0.0,127.0,13,4," 50"" samsung ue50bu8500",1,0.0,0.0,0.0,0.0,3,0,1.0
48990.0,1,1.0,1.0,0.0,0.0,0.0,0.0,12.0,3,0.0,1.0,0.0,1.0,1.0,0.0,14,1.0,0.0,0.0,60.0,1.0,127.0,13,6," 50"" lg 50uq75006",1,0.0,0.0,0.0,0.0,3,0,1.0
68590.0,1,1.0,1.0,0.0,0.0,0.0,0.0,12.0,3,0.0,1.0,1.0,1.0,1.0,0.0,14,1.0,0.0,0.0,60.0,1.0,127.0,13,6," 50"" lg nanocell 50nano826qb",1,0.0,0.0,0.0,0.0,4,0,1.0
61590.0,1,1.0,1.0,0.0,0.0,0.0,0.0,12.0,3,0.0,1.0,1.0,1.0,1.0,0.0,14,0.0,0.0,0.0,60.0,0.0,127.0,13,6," 50"" lg nanocell 50nano766qa",1,0.0,0.0,0.0,0.0,4,0,1.0
48990.0,1,1.0,1.0,0.0,0.0,0.0,0.0,12.0,3,0.0,1.0,1.0,1.0,1.0,0.0,14,1.0,0.0,0.0,60.0,0.0,127.0,13,4," 50"" samsung ue50au7100",1,0.0,0.0,0.0,0.0,3,0,1.0
83990.0,1,1.0,1.0,0.0,0.0,0.0,0.0,12.0,3,0.0,1.0,0.0,0.0,1.0,0.0,14,1.0,0.0,0.0,120.0,1.0,0.0,13,6," 55"" lg 55qned816qa",1,0.0,0.0,0.0,0.0,9,0,1.0
52490.0,1,1.0,1.0,0.0,0.0,0.0,0.0,12.0,3,0.0,1.0,0.0,0.0,1.0,0.0,14,1.0,0.0,0.0,60.0,1.0,0.0,13,6," 55"" lg 55uq80006",1,0.0,0.0,0.0,0.0,3,0,1.0
76990.0,1,1.0,1.0,0.0,0.0,0.0,0.0,12.0,3,0.0,1.0,0.0,0.0,1.0,0.0,14,1.0,0.0,0.0,60.0,0.0,0.0,13,4," 55"" samsung ue55bu8500",1,0.0,0.0,0.0,0.0,3,0,1.0
124590.0,1,1.0,1.0,0.0,0.0,0.0,0.0,12.0,3,0.0,1.0,0.0,0.0,1.0,0.0,14,1.0,0.0,0.0,60.0,1.0,0.0,13,6," 75"" lg 75uq80006",1,0.0,0.0,0.0,0.0,3,0,1.0
23190.0,0,0.0,1.0,0.0,0.0,0.0,0.0,12.0,3,0.0,0.0,1.0,1.0,0.0,4000.0,14,0.0,0.0,0.0,60.0,0.0,127.0,13,1," 50"" bq 50su03b black",1,0.0,0.0,5.0,0.0,3,13,0.0
14990.0,0,0.0,1.0,0.0,0.0,0.0,0.0,12.0,2,0.0,0.0,1.0,1.0,0.0,3000.0,14,0.0,220.0,0.0,0.0,0.0,0.0,2,7," 42"" blackton bt 42s04b black",1,0.0,0.0,0.0,0.0,3,13,0.0
8400.0,0,0.0,0.0,0.0,0.0,0.0,0.0,12.0,1,0.0,0.0,0.0,0.0,0.0,3000.0,2,0.0,200.0,0.0,60.0,0.0,0.0,13,1," 32"" blackton bt 3210b black",1,0.0,0.0,5.0,0.0,3,13,0.0
150190.0,0,0.0,0.0,0.0,0.0,0.0,0.0,12.0,3,0.0,1.0,1.0,1.0,1.0,150000.0,14,1.0,0.0,0.0,120.0,1.0,0.0,10,5," 55"" hisense 55a85h smart",1,0.0,0.0,0.0,0.0,7,0,1.0
30990.0,1,0.0,0.0,0.0,0.0,0.0,0.0,12.0,3,0.0,1.0,1.0,1.0,1.0,1200.0,2,0.0,270.0,0.0,60.0,0.0,0.0,10,1," 55"" accesstyle uhd 55 u55ey1000b",1,0.0,0.0,0.0,0.0,3,0,0.0
22790.0,0,1.0,0.0,0.0,0.0,0.0,9.5,12.0,3,0.0,1.0,1.0,1.0,0.0,0.0,3,0.0,350.0,0.0,60.0,0.0,127.0,13,7," 50"" national nx-50tus120",1,8.0,1.5,0.0,0.0,3,0,0.0
38990.0,1,0.0,1.0,0.0,0.0,0.0,0.0,12.0,3,0.0,1.0,1.0,1.0,1.0,0.0,3,1.0,0.0,0.0,60.0,1.0,127.0,12,6," 50"" lg 50uq80006lb.arub smart",1,0.0,0.0,0.0,0.0,3,0,0.0
20590.0,0,0.0,0.0,0.0,0.0,0.0,0.0,12.0,3,0.0,0.0,1.0,1.0,0.0,0.0,3,0.0,0.0,0.0,60.0,0.0,0.0,2,0," 43"" skyworth 43sue9350",1,16.0,2.0,0.0,0.0,3,13,0.0
48990.0,0,1.0,0.0,0.0,0.0,0.0,6.5,12.0,3,0.0,0.0,0.0,0.0,1.0,0.0,14,0.0,300.0,0.0,60.0,1.0,0.0,10,1," 65"" haier 65 smart tv s1",1,0.0,0.0,0.0,0.0,3,0,1.0
389190.0,2,1.0,0.0,1.0,0.0,0.0,0.0,0.0,3,0.0,1.0,0.0,0.0,1.0,0.0,14,1.0,0.0,20.0,120.0,0.0,0.0,13,4," 75"" samsung qe75qn90bauxce",1,0.0,0.0,0.0,0.0,9,0,1.0
144999.0,1,1.0,1.0,0.0,0.0,0.0,0.0,12.0,3,0.0,1.0,1.0,1.0,1.0,0.0,14,1.0,0.0,0.0,120.0,0.0,0.0,12,1," 55"" philips 55oled857/12",0,0.0,0.0,5.0,0.0,7,0,1.0
144990.0,1,1.0,0.0,0.0,0.0,0.0,0.0,12.0,3,0.0,1.0,1.0,1.0,1.0,0.0,14,1.0,0.0,0.0,120.0,0.0,0.0,13,4," 55"" samsung qe55q80bauxce",1,0.0,0.0,0.0,0.0,8,0,1.0
45490.0,1,1.0,0.0,0.0,0.0,0.0,6.5,12.0,3,0.0,1.0,0.0,0.0,1.0,5000.0,14,1.0,280.0,0.0,60.0,0.0,0.0,2,1," 55"" maunfeld mlt55usd02g",1,0.0,0.0,5.0,0.0,3,0,1.0
25990.0,0,1.0,1.0,0.0,0.0,0.0,9.5,12.0,3,0.0,0.0,0.0,0.0,0.0,5000.0,14,1.0,200.0,0.0,60.0,0.0,0.0,2,1," 43"" maunfeld mlt43usd02g",1,0.0,0.0,5.0,0.0,3,0,1.0
8610.0,0,0.0,1.0,0.0,0.0,0.0,8.5,12.0,1,0.0,0.0,0.0,0.0,0.0,1000.0,12,0.0,210.0,0.0,60.0,0.0,0.0,13,0," 24"" bbk 24lem-1087/t2c",1,0.0,0.0,0.0,0.0,3,0,1.0
12990.0,0,0.0,1.0,0.0,0.0,0.0,7.0,12.0,1,0.0,0.0,1.0,1.0,0.0,1400.0,0,0.0,220.0,0.0,60.0,0.0,80.0,13,9," 32"" bbk 32lex-7287/ts2c",1,8.0,1.0,0.0,0.0,3,0,0.0
31190.0,0,0.0,1.0,0.0,0.0,0.0,8.0,12.0,3,0.0,0.0,1.0,1.0,1.0,4000.0,3,0.0,300.0,0.0,60.0,0.0,127.0,13,9," 50"" bbk 50lex-8287/uts2c",1,8.0,1.5,0.0,0.0,3,0,0.0
35890.0,1,0.0,0.0,0.0,0.0,0.0,0.0,12.0,3,0.0,1.0,1.0,1.0,1.0,1000.0,1,0.0,0.0,0.0,60.0,0.0,0.0,10,1," 55"" maibenben 55m2ub",1,0.0,0.0,0.0,0.0,3,0,0.0
49990.0,0,1.0,0.0,0.0,0.0,0.0,9.5,12.0,3,0.0,1.0,0.0,0.0,1.0,5000.0,14,1.0,350.0,0.0,60.0,0.0,127.0,2,1," 50"" maunfeld mqt50usd03",1,0.0,0.0,5.0,0.0,8,0,1.0
42390.0,0,1.0,0.0,0.0,0.0,0.0,6.5,12.0,3,0.0,1.0,0.0,0.0,1.0,5000.0,14,1.0,350.0,0.0,60.0,0.0,0.0,2,1," 55"" maunfeld mqt55usd03",1,0.0,0.0,5.0,0.0,8,0,1.0
8100.0,0,1.0,1.0,0.0,1.0,0.0,9.5,12.0,1,0.0,0.0,0.0,0.0,0.0,3000.0,0,1.0,180.0,0.0,50.0,0.0,0.0,2,0," 24"" telefunken tf-led24s89t2 black",1,0.0,0.0,0.0,0.0,3,0,0.0
10890.0,0,1.0,1.0,0.0,0.0,0.0,8.0,12.0,1,0.0,0.0,1.0,0.0,0.0,0.0,3,0.0,200.0,0.0,60.0,0.0,0.0,13,1," 32"" econ ex-32hs020b",1,8.0,1.0,0.0,0.0,3,0,1.0
47590.0,0,0.0,0.0,0.0,0.0,8.1,0.0,12.0,3,0.0,0.0,1.0,1.0,1.0,0.0,3,1.0,0.0,0.0,50.0,0.0,0.0,13,4," 43"" samsung ue43bu8500",1,0.0,0.0,0.0,0.0,3,13,0.0
35690.0,0,1.0,0.0,0.0,0.0,0.0,0.0,12.0,3,0.0,1.0,1.0,1.0,1.0,0.0,3,0.0,0.0,0.0,60.0,1.0,0.0,13,6," 43"" lg 43uq75006",1,0.0,0.0,0.0,0.0,8,0,0.0
113990.0,1,0.0,0.0,0.0,0.0,0.0,0.0,12.0,3,0.0,1.0,1.0,1.0,1.0,0.0,4,1.0,0.0,0.0,60.0,1.0,0.0,13,6," 55"" lg oled55a26la",1,0.0,0.0,0.0,0.0,7,0,1.0
97990.0,0,0.0,0.0,0.0,0.0,20.9,0.0,12.0,3,0.0,1.0,1.0,1.0,1.0,0.0,9,1.0,0.0,0.0,50.0,0.0,0.0,5,4," 65"" samsung ue65bu8000",1,0.0,0.0,0.0,0.0,3,0,0.0
111990.0,0,0.0,0.0,0.0,0.0,0.0,0.0,12.0,3,0.0,1.0,1.0,1.0,1.0,0.0,9,0.0,0.0,0.0,60.0,0.0,0.0,17,4," 65"" samsung qe65q60bau",1,0.0,0.0,0.0,0.0,8,0,0.0
198990.0,0,0.0,0.0,0.0,0.0,0.0,0.0,12.0,3,0.0,0.0,1.0,1.0,1.0,150000.0,9,1.0,800.0,0.0,120.0,1.0,0.0,13,5," 65"" hisense 65a85h",1,0.0,0.0,0.0,0.0,7,0,1.0
158190.0,0,0.0,0.0,0.0,0.0,0.0,0.0,12.0,3,0.0,1.0,1.0,1.0,1.0,0.0,9,0.0,0.0,0.0,120.0,0.0,0.0,1,4," 65"" samsung qe65q70bau",1,0.0,0.0,0.0,0.0,8,0,0.0
17990.0,1,1.0,1.0,0.0,0.0,0.0,0.0,12.0,1,0.0,0.0,1.0,0.0,0.0,3000.0,0,1.0,200.0,0.0,60.0,0.0,0.0,13,1," 32"" blackton bt 32s08b",1,0.0,0.0,0.0,0.0,3,0,1.0
39990.0,0,1.0,1.0,0.0,0.0,0.0,6.5,12.0,3,0.0,1.0,0.0,0.0,1.0,6000.0,14,0.0,320.0,0.0,60.0,1.0,0.0,10,1," 55"" haier 55 smart tv s3",1,0.0,0.0,0.0,0.0,3,0,1.0
169990.0,1,1.0,0.0,1.0,0.0,0.0,0.0,12.0,3,0.0,1.0,1.0,1.0,1.0,0.0,9,1.0,0.0,0.0,100.0,0.0,0.0,13,4," 65"" samsung qe65qn85bauxce",1,0.0,0.0,0.0,0.0,5,0,1.0
219990.0,0,1.0,0.0,0.0,0.0,0.0,0.0,12.0,3,0.0,1.0,1.0,1.0,1.0,0.0,7,0.0,0.0,0.0,100.0,0.0,0.0,14,1," 55"" sony xr-55a80k",1,16.0,0.0,0.0,0.0,7,0,1.0
12490.0,1,0.0,1.0,0.0,1.0,0.0,9.0,12.0,2,0.0,0.0,0.0,0.0,0.0,0.0,0,0.0,0.0,0.0,60.0,0.0,0.0,7,0," 32"" sharp 2t-c32bc6nx",1,0.0,0.0,0.0,0.0,3,0,0.0
9490.0,0,1.0,1.0,0.0,0.0,0.0,5.0,12.0,1,0.0,0.0,0.0,0.0,0.0,3000.0,0,0.0,200.0,0.0,60.0,0.0,61.0,10,0," 24"" bbk 24lem-1034/t2c",1,0.0,0.0,0.0,0.0,3,0,0.0
9490.0,1,1.0,0.0,0.0,0.0,0.0,8.5,12.0,1,0.0,0.0,0.0,0.0,0.0,3000.0,0,0.0,180.0,0.0,60.0,0.0,61.0,10,0," 24"" bbk 24lem-1014/t2c",1,0.0,0.0,0.0,0.0,3,0,1.0
40490.0,0,1.0,0.0,0.0,1.0,0.0,6.5,12.0,3,0.0,1.0,0.0,0.0,1.0,5000.0,14,1.0,250.0,0.0,60.0,1.0,0.0,10,1," 55"" viomi ymd55acurus1",1,16.0,2.0,0.0,0.0,3,0,1.0
32390.0,0,1.0,1.0,0.0,0.0,0.0,0.0,12.0,3,0.0,0.0,1.0,1.0,1.0,0.0,4,1.0,0.0,0.0,60.0,0.0,127.0,10,5," 50"" hisense 50a61g",1,0.0,0.0,0.0,0.0,3,0,1.0
7290.0,0,1.0,0.0,0.0,1.0,0.0,0.0,12.0,1,0.0,0.0,0.0,0.0,1.0,1000.0,12,0.0,210.0,0.0,60.0,0.0,61.0,13,0," 24"" vekta ld-24tr4011bt",1,0.0,0.0,0.0,0.0,3,0,1.0
7390.0,0,1.0,1.0,0.0,1.0,0.0,0.0,12.0,1,0.0,0.0,0.0,0.0,0.0,1000.0,12,1.0,210.0,0.0,60.0,0.0,61.0,13,0," 24"" vekta ld-24tr4315wt",1,0.0,0.0,0.0,0.0,3,0,1.0
43690.0,0,1.0,0.0,0.0,0.0,0.0,0.0,12.0,3,0.0,0.0,1.0,1.0,1.0,0.0,14,0.0,0.0,0.0,60.0,0.0,0.0,10,5," 58"" hisense 58a61g",1,0.0,0.0,0.0,0.0,3,0,1.0
8390.0,0,1.0,1.0,0.0,1.0,0.0,0.0,12.0,1,0.0,0.0,0.0,0.0,1.0,1400.0,0,1.0,220.0,0.0,60.0,0.0,0.0,13,0," 32"" vekta ld-32sr5215bt",1,8.0,1.0,0.0,0.0,3,0,1.0
8590.0,0,1.0,1.0,0.0,1.0,0.0,0.0,12.0,1,0.0,0.0,0.0,0.0,1.0,3000.0,0,1.0,220.0,0.0,60.0,0.0,0.0,13,0," 32"" vekta ld-32sr4113bt",1,0.0,0.0,0.0,0.0,3,0,1.0
8690.0,0,1.0,1.0,0.0,1.0,0.0,0.0,12.0,1,0.0,0.0,0.0,0.0,1.0,1000.0,14,1.0,210.0,0.0,60.0,0.0,61.0,13,9," 24"" vekta ld-24sr4715bs",1,8.0,1.0,0.0,0.0,3,0,1.0
10690.0,0,1.0,1.0,0.0,1.0,0.0,0.0,12.0,1,0.0,0.0,1.0,0.0,1.0,1400.0,14,1.0,220.0,0.0,60.0,0.0,0.0,13,9," 32"" vekta ld-32sr4815bs",1,0.0,0.0,0.0,0.0,3,0,1.0
10790.0,0,0.0,1.0,0.0,1.0,0.0,0.0,12.0,1,0.0,0.0,1.0,0.0,1.0,1200.0,14,1.0,220.0,0.0,60.0,0.0,0.0,10,9," 32"" vekta ld-32sr5212bs",1,8.0,1.0,0.0,0.0,3,0,1.0
13590.0,1,0.0,1.0,0.0,1.0,0.0,0.0,12.0,2,0.0,0.0,0.0,0.0,1.0,5000.0,0,1.0,240.0,0.0,60.0,0.0,0.0,13,0," 40"" vekta ld-40sf4113bt",1,0.0,0.0,0.0,0.0,3,0,1.0
11590.0,0,0.0,1.0,0.0,1.0,0.0,0.0,12.0,2,0.0,0.0,0.0,0.0,0.0,3000.0,0,1.0,240.0,0.0,60.0,0.0,0.0,10,0," 32"" vekta ld-32sf4850bs",1,0.0,0.0,0.0,0.0,3,0,1.0
22790.0,0,1.0,1.0,0.0,1.0,0.0,0.0,12.0,3,0.0,0.0,0.0,0.0,1.0,4000.0,14,1.0,300.0,0.0,60.0,0.0,127.0,13,1," 50"" vekta ld-50su8815bs",1,8.0,1.5,0.0,0.0,3,0,1.0
10890.0,1,1.0,1.0,0.0,1.0,0.0,8.5,12.0,1,0.0,0.0,0.0,1.0,0.0,3000.0,14,1.0,200.0,0.0,60.0,1.0,61.0,2,8," 24"" hyundai h-led24bs5000",1,8.0,1.0,0.0,0.0,3,0,1.0
7300.0,0,0.0,0.0,0.0,1.0,0.0,0.0,12.0,1,0.0,0.0,0.0,0.0,0.0,3000.0,0,1.0,200.0,0.0,50.0,0.0,61.0,2,0," 24"" telefunken tf-led24s22t2",1,0.0,0.0,0.0,0.0,3,0,1.0
10590.0,1,0.0,1.0,0.0,0.0,2.8,6.0,12.0,1,0.0,0.0,1.0,0.0,0.0,80000.0,0,1.0,200.0,0.0,60.0,0.0,61.0,13,3," 24"" econ smart ex-24hs001w white",1,0.0,0.0,0.0,0.0,3,0,1.0
9500.0,0,1.0,0.0,0.0,0.0,0.0,8.0,12.0,1,0.0,0.0,0.0,0.0,0.0,70000.0,0,1.0,230.0,0.0,60.0,0.0,0.0,2,0," 32"" harper 32r690t",1,0.0,0.0,0.0,0.0,3,0,1.0
28790.0,0,1.0,0.0,0.0,0.0,0.0,8.0,12.0,3,0.0,0.0,0.0,1.0,1.0,120000.0,14,1.0,300.0,0.0,60.0,0.0,127.0,2,1," 50"" harper 50u770ts",1,16.0,2.0,0.0,0.0,6,0,0.0
33990.0,0,1.0,0.0,0.0,0.0,0.0,9.5,12.0,3,0.0,0.0,1.0,1.0,1.0,5000.0,14,1.0,250.0,0.0,60.0,0.0,0.0,10,1," 43"" viomi ymd43acurus1",1,16.0,2.0,0.0,0.0,6,0,1.0
14290.0,0,1.0,0.0,0.0,0.0,0.0,0.0,12.0,1,0.0,0.0,1.0,1.0,0.0,3000.0,0,0.0,200.0,0.0,60.0,0.0,0.0,10,9," 32"" accesstyle h32ey1500b",1,0.0,0.0,0.0,0.0,3,0,0.0
15490.0,0,1.0,0.0,0.0,0.0,0.0,0.0,12.0,2,0.0,0.0,1.0,1.0,0.0,4000.0,0,0.0,200.0,0.0,60.0,0.0,0.0,10,1," 32"" accesstyle f32ey1500b",1,0.0,0.0,0.0,0.0,3,0,0.0
23790.0,0,1.0,1.0,0.0,0.0,0.0,6.5,12.0,3,0.0,1.0,1.0,1.0,1.0,3000.0,2,0.0,230.0,0.0,60.0,0.0,0.0,13,9," 43"" accesstyle u43ey1500b",1,0.0,0.0,0.0,0.0,3,0,1.0
31490.0,0,0.0,0.0,0.0,1.0,0.0,0.0,12.0,2,0.0,1.0,1.0,1.0,1.0,4000.0,3,1.0,250.0,0.0,60.0,0.0,127.0,6,1," 50"" vekta ld-50sq9513bs",1,8.0,1.5,0.0,0.0,8,0,0.0
21999.0,0,0.0,1.0,0.0,0.0,0.0,0.0,12.0,3,0.0,1.0,1.0,1.0,1.0,0.0,3,0.0,0.0,0.0,60.0,0.0,0.0,13,1," 43"" candy uno 43 uhd",1,0.0,0.0,5.0,0.0,3,0,1.0
26999.0,1,1.0,1.0,0.0,0.0,0.0,0.0,12.0,3,0.0,1.0,1.0,1.0,1.0,0.0,14,1.0,0.0,0.0,60.0,1.0,127.0,13,1," 50"" candy uno 50",1,0.0,0.0,0.0,0.0,3,0,1.0
17999.0,0,1.0,1.0,0.0,0.0,0.0,0.0,12.0,3,0.0,0.0,1.0,1.0,0.0,3000.0,3,0.0,230.0,0.0,60.0,0.0,0.0,13,1," 43"" accesstyle u43ey1500b",1,0.0,0.0,0.0,0.0,3,0,0.0
17999.0,1,1.0,1.0,0.0,0.0,0.0,0.0,12.0,1,0.0,1.0,1.0,0.0,1.0,0.0,0,1.0,0.0,0.0,60.0,0.0,0.0,13,0," 32"" philips 32phs6808/60",1,0.0,0.0,0.0,0.0,3,0,1.0
13999.0,1,1.0,0.0,0.0,0.0,0.0,0.0,12.0,1,0.0,0.0,1.0,1.0,0.0,3000.0,0,0.0,180.0,0.0,60.0,0.0,0.0,13,1," 32"" accesstyle h32ey1500b",1,0.0,0.0,0.0,0.0,3,0,0.0
35290.0,1,1.0,0.0,0.0,1.0,0.0,0.0,12.0,3,0.0,1.0,0.0,0.0,1.0,1200.0,14,1.0,250.0,0.0,60.0,0.0,0.0,6,1," 55"" vekta ld-55sq9513bs",1,8.0,1.5,0.0,0.0,8,0,1.0
10990.0,0,1.0,0.0,0.0,0.0,0.0,6.5,12.0,1,0.0,0.0,0.0,0.0,1.0,3000.0,0,0.0,230.0,0.0,50.0,0.0,61.0,13,0," 24"" thomson t24rte1280",1,0.0,0.0,0.0,0.0,3,0,1.0
37590.0,1,1.0,0.0,0.0,0.0,0.0,0.0,12.0,3,0.0,1.0,1.0,1.0,1.0,0.0,3,1.0,0.0,0.0,60.0,0.0,0.0,13,4," 43"" samsung ue43au7002uxru",1,0.0,0.0,0.0,0.0,3,0,1.0
14290.0,0,1.0,0.0,0.0,0.0,0.0,6.5,12.0,1,0.0,0.0,1.0,1.0,1.0,3000.0,0,1.0,310.0,0.0,50.0,0.0,0.0,13,1," 32"" thomson t32rsl6040",1,0.0,0.0,0.0,0.0,3,0,0.0
11990.0,0,1.0,0.0,0.0,0.0,0.0,6.5,12.0,1,0.0,0.0,0.0,0.0,1.0,3000.0,0,1.0,300.0,0.0,60.0,0.0,0.0,13,0," 32"" thomson t32rte1300",1,0.0,0.0,0.0,0.0,3,0,0.0
15990.0,0,1.0,0.0,0.0,0.0,0.0,6.5,12.0,1,0.0,0.0,1.0,1.0,1.0,3000.0,0,1.0,310.0,0.0,50.0,0.0,0.0,13,1," 32"" thomson t32rtm6020",1,0.0,0.0,0.0,0.0,3,0,0.0
12490.0,0,1.0,0.0,0.0,0.0,0.0,6.5,12.0,1,0.0,0.0,1.0,1.0,1.0,3000.0,0,1.0,310.0,0.0,50.0,0.0,0.0,13,1," 32"" thomson t32rtl6030",1,0.0,0.0,0.0,0.0,3,0,0.0
184990.0,0,1.0,0.0,1.0,0.0,0.0,0.0,12.0,4,0.0,1.0,1.0,1.0,1.0,0.0,9,1.0,0.0,0.0,120.0,0.0,0.0,13,4," 65"" samsung qe65q800tau",1,0.0,0.0,0.0,0.0,8,0,1.0
28990.0,0,1.0,0.0,0.0,0.0,0.0,6.5,12.0,3,0.0,0.0,1.0,1.0,1.0,5000.0,7,1.0,310.0,0.0,50.0,0.0,0.0,13,1," 43"" thomson t43usl7010",1,0.0,0.0,0.0,0.0,3,0,0.0
20990.0,0,1.0,0.0,0.0,0.0,0.0,6.5,12.0,2,0.0,0.0,1.0,1.0,1.0,5000.0,2,1.0,300.0,0.0,50.0,0.0,0.0,13,1," 42"" thomson t42fsh5150",1,0.0,0.0,0.0,0.0,3,0,0.0
21990.0,0,1.0,0.0,0.0,0.0,0.0,6.5,12.0,2,0.0,0.0,1.0,1.0,1.0,5000.0,2,1.0,320.0,0.0,50.0,0.0,0.0,13,1," 43"" thomson t43fsm6050",1,0.0,0.0,0.0,0.0,3,0,0.0
24490.0,0,1.0,0.0,0.0,0.0,0.0,6.5,12.0,3,0.0,0.0,1.0,1.0,1.0,5000.0,14,1.0,300.0,0.0,50.0,0.0,0.0,13,1," 43"" thomson t43usm7030",1,0.0,0.0,0.0,0.0,3,0,1.0
19990.0,0,1.0,0.0,0.0,0.0,0.0,6.5,12.0,2,0.0,0.0,1.0,1.0,1.0,5000.0,14,1.0,300.0,0.0,50.0,0.0,0.0,13,1," 40"" thomson t40fsm6020",1,0.0,0.0,0.0,0.0,3,0,1.0
30990.0,0,1.0,0.0,0.0,0.0,0.0,6.5,12.0,3,0.0,0.0,1.0,1.0,1.0,5000.0,14,1.0,370.0,0.0,50.0,0.0,127.0,13,1," 50"" thomson t50usl7010",1,0.0,0.0,0.0,0.0,3,0,1.0
35990.0,0,1.0,0.0,0.0,0.0,0.0,6.5,12.0,3,0.0,0.0,1.0,1.0,1.0,5000.0,14,1.0,380.0,0.0,50.0,0.0,0.0,13,1," 55"" thomson t55usl7010",1,0.0,0.0,0.0,0.0,3,0,1.0
39990.0,0,1.0,0.0,0.0,0.0,0.0,6.5,12.0,3,0.0,0.0,1.0,1.0,1.0,5000.0,7,1.0,400.0,0.0,50.0,0.0,0.0,13,1," 55"" thomson t55usm7030",1,0.0,0.0,0.0,0.0,3,0,0.0
39999.0,0,0.0,1.0,0.0,0.0,0.0,0.0,12.0,3,0.0,1.0,1.0,1.0,1.0,0.0,9,0.0,0.0,0.0,60.0,0.0,0.0,13,1," 65"" candy dh1vw7d04ru",1,0.0,0.0,0.0,0.0,3,0,1.0
12490.0,0,1.0,0.0,0.0,0.0,5.1,0.0,12.0,1,0.0,0.0,0.0,0.0,1.0,0.0,0,0.0,0.0,0.0,60.0,0.0,0.0,11,0," 32"" sharp 2t-c32bd1x",1,0.0,0.0,0.0,0.0,3,13,1.0
89990.0,1,1.0,0.0,0.0,0.0,0.0,0.0,12.0,3,0.0,1.0,1.0,1.0,1.0,0.0,7,1.0,0.0,0.0,50.0,0.0,0.0,11,1," 55"" sony kd-55x81j",1,16.0,0.0,0.0,0.0,3,0,1.0
97990.0,1,1.0,0.0,0.0,0.0,0.0,0.0,0.0,3,0.0,1.0,1.0,1.0,1.0,0.0,9,1.0,0.0,0.0,50.0,0.0,0.0,5,1," 65"" sony kd-65x75k",1,16.0,0.0,0.0,0.0,3,0,1.0
15290.0,1,1.0,1.0,0.0,0.0,0.0,8.0,12.0,2,0.0,1.0,1.0,1.0,0.0,3000.0,14,1.0,250.0,0.0,60.0,1.0,0.0,2,8," 40"" digma 40 dm-led40sbb31",1,0.0,0.0,0.0,0.0,3,0,1.0
19990.0,1,1.0,0.0,0.0,0.0,0.0,6.5,12.0,2,0.0,0.0,0.0,0.0,1.0,4000.0,3,1.0,220.0,0.0,60.0,0.0,0.0,13,0," 43"" blackton bt 4304b black",1,0.0,0.0,0.0,0.0,3,0,0.0
15490.0,0,0.0,1.0,0.0,0.0,0.0,0.0,12.0,2,0.0,1.0,1.0,1.0,0.0,0.0,2,0.0,0.0,0.0,60.0,0.0,0.0,2,1," 42"" telefunken tf-led42s14t2s",1,8.0,1.0,0.0,0.0,3,0,1.0
16890.0,0,1.0,1.0,0.0,1.0,0.0,9.5,12.0,2,0.0,0.0,0.0,1.0,0.0,5000.0,14,0.0,220.0,0.0,60.0,0.0,0.0,13,8," 40"" hyundai h-led40bs5003 smart яндекс.тв frameless black",1,0.0,0.0,0.0,0.0,3,0,1.0
17190.0,1,1.0,1.0,0.0,0.0,0.0,8.0,12.0,2,0.0,0.0,1.0,1.0,1.0,100000.0,14,1.0,250.0,0.0,60.0,0.0,0.0,13,1," 40"" supra stv-lc40st0045f",1,0.0,1.0,0.0,0.0,3,0,1.0
13690.0,1,1.0,0.0,0.0,0.0,0.0,9.0,12.0,2,0.0,0.0,0.0,0.0,0.0,0.0,7,1.0,260.0,0.0,60.0,0.0,0.0,13,0," 40"" econ ex-40ft003b",1,0.0,0.0,0.0,0.0,3,0,1.0
18990.0,0,1.0,1.0,0.0,1.0,0.0,9.5,12.0,2,0.0,0.0,1.0,1.0,1.0,5000.0,14,1.0,220.0,0.0,60.0,0.0,0.0,2,1," 40"" hyundai h-led40bs5008 smart android tv frameless",1,0.0,0.0,0.0,0.0,3,0,1.0
67890.0,1,1.0,0.0,0.0,0.0,0.0,0.0,0.0,3,0.0,1.0,1.0,1.0,1.0,0.0,8,1.0,0.0,0.0,50.0,0.0,0.0,5,1," 55"" sony kd-55x75k",1,0.0,0.0,0.0,0.0,3,0,1.0
24390.0,0,1.0,1.0,0.0,0.0,0.0,0.0,12.0,3,0.0,0.0,1.0,1.0,1.0,0.0,14,0.0,0.0,0.0,60.0,0.0,0.0,10,1," 43"" hisense 43a61h",1,0.0,0.0,0.0,0.0,3,13,1.0
20990.0,0,1.0,0.0,0.0,0.0,7.8,0.0,12.0,2,0.0,0.0,1.0,0.0,1.0,0.0,14,0.0,0.0,0.0,60.0,0.0,0.0,11,0," 42"" sharp 2t-c42bg1x",1,0.0,0.0,0.0,0.0,3,0,1.0
59790.0,1,1.0,1.0,0.0,0.0,0.0,0.0,12.0,3,0.0,1.0,0.0,0.0,1.0,1200.0,14,1.0,0.0,0.0,60.0,1.0,0.0,10,5," 65"" hisense 65e7hq",1,0.0,0.0,0.0,0.0,8,0,1.0
29990.0,0,0.0,1.0,0.0,0.0,0.0,0.0,12.0,2,0.0,1.0,1.0,0.0,0.0,5000.0,3,1.0,200.0,0.0,60.0,1.0,0.0,13,5," 40"" hisense 40a5kq",1,0.0,0.0,0.0,0.0,8,0,1.0
29990.0,1,1.0,1.0,0.0,0.0,0.0,0.0,12.0,3,0.0,1.0,0.0,0.0,1.0,3800.0,14,1.0,250.0,0.0,60.0,0.0,0.0,10,5," 43"" hisense 43e7hq",1,0.0,0.0,0.0,0.0,8,0,1.0
139890.0,1,1.0,0.0,0.0,0.0,0.0,1.0,12.0,3,0.0,0.0,1.0,1.0,1.0,0.0,14,0.0,1000.0,0.0,120.0,0.0,0.0,10,1," 75"" haier h65s9ug pro",1,0.0,0.0,0.0,0.0,7,0,1.0
69990.0,1,1.0,1.0,0.0,0.0,0.0,6.5,12.0,3,0.0,0.0,0.0,0.0,1.0,6000.0,14,0.0,320.0,0.0,60.0,1.0,0.0,10,1," 65"" haier 65 smart tv s3",1,0.0,0.0,0.0,0.0,2,0,1.0
55990.0,1,1.0,0.0,0.0,0.0,0.0,6.5,12.0,3,0.0,0.0,0.0,0.0,1.0,0.0,14,0.0,300.0,0.0,60.0,1.0,0.0,10,1," 65"" haier 65 smart tv s1",1,0.0,0.0,0.0,0.0,3,0,1.0
35990.0,1,1.0,1.0,0.0,0.0,0.0,6.5,12.0,3,0.0,0.0,0.0,0.0,1.0,6000.0,14,0.0,300.0,0.0,60.0,1.0,0.0,13,1," 55"" haier 55 smart tv s1",1,0.0,0.0,0.0,0.0,3,0,1.0
59990.0,1,1.0,1.0,0.0,0.0,0.0,8.0,12.0,3,0.0,0.0,0.0,1.0,1.0,5000.0,14,0.0,350.0,0.0,60.0,1.0,0.0,10,1," 58"" haier 58 smart tv s5",1,0.0,0.0,0.0,0.0,2,0,1.0
33990.0,1,1.0,1.0,0.0,0.0,0.0,0.0,0.0,3,0.0,1.0,0.0,0.0,1.0,0.0,14,1.0,0.0,0.0,60.0,1.0,0.0,8,6," 43"" lg 43up76006lc",1,0.0,0.0,0.0,0.0,3,0,1.0
34990.0,0,0.0,0.0,0.0,0.0,12.0,0.0,12.0,3,0.0,0.0,1.0,1.0,1.0,0.0,14,0.0,0.0,0.0,60.0,0.0,127.0,11,1," 50"" sharp 4t-c50bk1x",1,0.0,0.0,0.0,0.0,3,0,1.0
31990.0,1,1.0,1.0,0.0,0.0,0.0,0.0,12.0,3,0.0,0.0,1.0,0.0,1.0,0.0,4,0.0,0.0,0.0,60.0,0.0,127.0,10,1," 50"" hisense 50e6h",1,0.0,0.0,0.0,0.0,8,0,1.0
223990.0,1,1.0,0.0,0.0,0.0,0.0,0.0,12.0,3,0.0,1.0,1.0,1.0,1.0,0.0,11,1.0,0.0,0.0,60.0,0.0,0.0,5,4," 85"" samsung ue85bu8000uxce",1,0.0,0.0,0.0,0.0,3,0,1.0
94990.0,0,1.0,0.0,1.0,0.0,0.0,0.0,0.0,3,0.0,1.0,1.0,1.0,1.0,0.0,3,1.0,0.0,0.0,50.0,0.0,127.0,5,4," 50"" samsung qe50q80bauxce",1,0.0,0.0,0.0,0.0,8,0,1.0
158990.0,0,1.0,0.0,0.0,0.0,0.0,0.0,12.0,3,0.0,1.0,1.0,1.0,1.0,0.0,10,1.0,0.0,0.0,50.0,0.0,0.0,5,4," 75"" samsung ue75bu8000uxce",1,0.0,0.0,0.0,0.0,3,0,1.0
62990.0,1,1.0,1.0,0.0,0.0,0.0,0.0,12.0,3,0.0,0.0,1.0,1.0,1.0,0.0,14,1.0,0.0,0.0,50.0,0.0,127.0,5,1," 50"" sony kd-50x75k",1,16.0,0.0,0.0,0.0,3,0,1.0
52490.0,1,1.0,0.0,0.0,0.0,0.0,0.0,12.0,3,0.0,1.0,1.0,1.0,1.0,0.0,3,1.0,0.0,0.0,60.0,0.0,0.0,13,4," 55"" samsung ue55au7002uxru",1,0.0,0.0,0.0,0.0,3,0,1.0
54990.0,0,1.0,1.0,0.0,0.0,0.0,0.0,12.0,3,0.0,0.0,1.0,1.0,1.0,0.0,3,0.0,0.0,0.0,60.0,0.0,0.0,7,1," 55"" sony kd-55x7500h",1,16.0,0.0,0.0,0.0,3,0,1.0
60990.0,0,1.0,1.0,0.0,0.0,0.0,0.0,12.0,3,0.0,1.0,0.0,0.0,1.0,0.0,14,1.0,0.0,0.0,60.0,0.0,0.0,5,1," 55"" sony kd-55x75k",1,16.0,0.0,0.0,0.0,3,0,1.0
279990.0,2,1.0,0.0,0.0,0.0,0.0,0.0,12.0,3,0.0,1.0,1.0,1.0,1.0,0.0,6,0.0,0.0,0.0,120.0,0.0,0.0,4,4," 55"" samsung qe55s95bat",1,0.0,0.0,0.0,0.0,7,0,1.0
69990.0,0,1.0,1.0,0.0,0.0,0.0,0.0,12.0,3,0.0,1.0,1.0,1.0,1.0,0.0,3,0.0,0.0,0.0,50.0,0.0,127.0,5,4," 50"" samsung ue50bu8500uxce",1,0.0,0.0,0.0,0.0,3,0,1.0
849190.0,0,0.0,1.0,1.0,0.0,0.0,0.0,12.0,4,0.0,1.0,1.0,1.0,1.0,0.0,11,1.0,0.0,0.0,120.0,0.0,0.0,13,4," 85"" samsung qe85qn900auxru",0,0.0,0.0,0.0,0.0,8,0,1.0
64990.0,0,1.0,1.0,0.0,0.0,0.0,0.0,12.0,3,0.0,0.0,1.0,1.0,1.0,0.0,7,1.0,0.0,0.0,60.0,0.0,0.0,11,1," 55"" sony kd-55x80j",0,16.0,0.0,0.0,0.0,3,0,1.0
224990.0,0,1.0,1.0,0.0,0.0,0.0,0.0,12.0,3,0.0,1.0,1.0,1.0,1.0,0.0,6,0.0,0.0,0.0,120.0,0.0,0.0,9,6," 55"" lg oled55c3rla",1,0.0,0.0,0.0,0.0,7,0,1.0
109990.0,1,1.0,0.0,0.0,0.0,0.0,0.0,12.0,3,0.0,1.0,1.0,1.0,1.0,0.0,4,1.0,0.0,0.0,60.0,0.0,0.0,11,1," 65"" sony kd-65x80k",1,16.0,0.0,0.0,0.0,3,0,1.0
49990.0,0,1.0,1.0,0.0,0.0,0.0,0.0,12.0,3,0.0,1.0,1.0,1.0,1.0,0.0,3,0.0,0.0,0.0,60.0,0.0,127.0,12,6," 50"" lg 50ur78006lk",1,0.0,0.0,0.0,0.0,3,0,1.0
54990.0,0,1.0,1.0,0.0,0.0,0.0,0.0,12.0,3,0.0,1.0,1.0,1.0,1.0,0.0,3,0.0,0.0,0.0,60.0,0.0,127.0,12,6," 50"" lg 50ur81006lj",1,0.0,0.0,0.0,0.0,3,0,1.0
74290.0,1,1.0,1.0,0.0,0.0,0.0,0.0,12.0,3,0.0,0.0,0.0,0.0,1.0,0.0,14,1.0,0.0,0.0,120.0,1.0,127.0,12,6," 50"" lg 50qned816qa",1,0.0,0.0,0.0,0.0,9,0,1.0
57690.0,0,1.0,1.0,0.0,0.0,0.0,0.0,12.0,3,0.0,0.0,1.0,1.0,1.0,0.0,3,0.0,0.0,0.0,60.0,0.0,127.0,12,6," 50"" lg nanocell 50nano826qb",1,0.0,0.0,0.0,0.0,4,0,1.0
54990.0,0,1.0,1.0,0.0,0.0,0.0,0.0,12.0,3,0.0,0.0,1.0,1.0,1.0,0.0,14,0.0,0.0,0.0,60.0,0.0,127.0,12,6," 50"" lg 50ur81009lk",1,0.0,0.0,0.0,0.0,3,0,1.0
19990.0,0,1.0,1.0,0.0,0.0,0.0,7.0,12.0,2,0.0,0.0,0.0,0.0,0.0,120000.0,3,1.0,260.0,0.0,60.0,0.0,0.0,2,0," 43"" supra stv-lc43lt0045f",1,0.0,0.0,0.0,0.0,3,0,1.0
48990.0,1,1.0,1.0,0.0,0.0,0.0,0.0,12.0,3,0.0,1.0,0.0,0.0,1.0,0.0,14,0.0,0.0,0.0,60.0,0.0,0.0,10,1," 55"" xiaomi tv a2 55",1,16.0,2.0,0.0,0.0,3,0,0.0
61990.0,0,1.0,1.0,0.0,0.0,0.0,0.0,12.0,3,0.0,1.0,1.0,1.0,1.0,0.0,3,0.0,0.0,0.0,60.0,0.0,0.0,12,6," 55"" lg 55ur78001lj",1,0.0,0.0,0.0,0.0,3,0,1.0
71990.0,0,1.0,1.0,0.0,0.0,0.0,0.0,12.0,3,0.0,1.0,1.0,1.0,1.0,0.0,7,0.0,0.0,0.0,60.0,0.0,0.0,12,6," 55"" lg 55ur81006lj",1,0.0,0.0,0.0,0.0,3,0,1.0
71990.0,0,1.0,1.0,0.0,0.0,0.0,0.0,12.0,3,0.0,1.0,1.0,1.0,1.0,0.0,3,0.0,0.0,0.0,60.0,0.0,0.0,12,6," 55"" lg 55ur81009lk",1,0.0,0.0,0.0,0.0,3,0,1.0
109990.0,1,1.0,1.0,0.0,0.0,0.0,0.0,12.0,3,0.0,1.0,0.0,1.0,1.0,0.0,14,0.0,0.0,0.0,120.0,0.0,0.0,12,6," 55"" lg 55qned816ra",1,0.0,0.0,0.0,0.0,9,0,1.0
67390.0,0,1.0,1.0,0.0,0.0,0.0,0.0,12.0,3,0.0,1.0,1.0,1.0,1.0,0.0,3,0.0,0.0,0.0,60.0,0.0,0.0,10,1," 55"" xiaomi mi tv q2 55 qled",1,16.0,2.0,0.0,0.0,7,0,0.0
24690.0,0,1.0,0.0,0.0,0.0,0.0,8.0,12.0,3,0.0,0.0,1.0,0.0,1.0,5000.0,3,1.0,250.0,0.0,60.0,0.0,0.0,13,1," 55"" topdevice ultra special smart tv wildred (tdtv55bs05u_bk)",1,8.0,1.5,0.0,0.0,3,0,1.0
990190.0,0,1.0,0.0,1.0,0.0,0.0,0.0,12.0,4,0.0,1.0,1.0,1.0,1.0,0.0,10,1.0,0.0,0.0,120.0,0.0,0.0,14,1," 75"" sony xr-75z9k",1,16.0,0.0,0.0,0.0,7,0,0.0
23990.0,1,1.0,0.0,0.0,0.0,0.0,0.0,12.0,2,0.0,0.0,1.0,0.0,1.0,0.0,0,0.0,0.0,0.0,60.0,0.0,0.0,13,4," 32"" samsung ue32t5300auxru",1,0.0,0.0,0.0,0.0,3,0,1.0
108190.0,0,1.0,1.0,0.0,0.0,0.0,6.5,12.0,3,0.0,1.0,0.0,0.0,1.0,5000.0,14,1.0,400.0,0.0,60.0,0.0,0.0,2,1," 75"" maunfeld mqt75usd03",1,0.0,0.0,5.0,0.0,8,0,1.0
2799990.0,2,1.0,0.0,1.0,0.0,0.0,0.0,12.0,4,0.0,1.0,1.0,1.0,1.0,0.0,14,0.0,0.0,40.0,120.0,0.0,0.0,12,6," 88"" lg oled88z29la",1,0.0,0.0,0.0,0.0,7,0,1.0
3499990.0,0,1.0,0.0,0.0,0.0,0.0,1.0,12.0,3,0.0,1.0,1.0,1.0,0.0,0.0,11,0.0,0.0,0.0,120.0,0.0,0.0,12,6," 97"" lg oled97g2",1,0.0,0.0,0.0,0.0,7,0,1.0
89990.0,0,1.0,1.0,0.0,0.0,0.0,0.0,12.0,3,0.0,1.0,1.0,1.0,1.0,0.0,7,0.0,0.0,0.0,60.0,0.0,0.0,12,6," 65"" lg 65ur81006lj",1,0.0,0.0,0.0,0.0,3,0,1.0
199990.0,0,1.0,0.0,0.0,0.0,0.0,0.0,12.0,3,0.0,1.0,1.0,1.0,1.0,0.0,11,0.0,0.0,0.0,120.0,0.0,0.0,10,1," 86"" xiaomi redmi max 86",1,0.0,0.0,0.0,0.0,3,0,0.0
48990.0,0,1.0,0.0,0.0,0.0,0.0,8.0,12.0,3,0.0,1.0,1.0,1.0,1.0,5000.0,14,0.0,320.0,0.0,60.0,1.0,127.0,10,1," 50"" haier 50 smart tv ax pro",1,0.0,0.0,0.0,0.0,2,0,1.0
11990.0,0,1.0,1.0,0.0,0.0,0.0,6.5,12.0,1,0.0,0.0,1.0,0.0,0.0,3000.0,2,1.0,210.0,0.0,100.0,0.0,61.0,13,1," 24"" thomson t24rtl6010",1,0.0,0.0,0.0,0.0,3,0,1.0
30990.0,1,1.0,0.0,0.0,0.0,0.0,0.0,12.0,2,0.0,0.0,1.0,0.0,1.0,0.0,3,0.0,0.0,0.0,50.0,0.0,0.0,13,4," 43"" samsung ue43t5202auxru",1,0.0,0.0,0.0,0.0,3,0,1.0
33990.0,0,1.0,1.0,0.0,0.0,0.0,0.0,12.0,3,0.0,1.0,0.0,0.0,1.0,0.0,14,1.0,0.0,0.0,60.0,0.0,0.0,13,1," 43"" philips 43pus8057/60",1,16.0,0.0,0.0,0.0,3,0,1.0
39990.0,0,1.0,1.0,0.0,0.0,0.0,0.0,12.0,3,0.0,0.0,1.0,1.0,1.0,0.0,1,1.0,0.0,0.0,60.0,0.0,0.0,13,1," 55"" philips 55pus7406/60",1,0.0,0.0,0.0,0.0,3,0,1.0
570990.0,0,1.0,1.0,1.0,0.0,0.0,0.0,12.0,3,0.0,1.0,1.0,1.0,1.0,0.0,14,1.0,0.0,0.0,100.0,0.0,0.0,14,1," 85"" sony xr-85x95k",1,16.0,0.0,0.0,0.0,3,0,1.0
89590.0,1,1.0,1.0,0.0,0.0,0.0,0.0,12.0,3,0.0,1.0,1.0,1.0,1.0,0.0,14,1.0,0.0,0.0,50.0,0.0,127.0,11,1," 50"" sony kd-50x81j",1,16.0,0.0,0.0,0.0,11,0,1.0
7190.0,0,0.0,0.0,0.0,0.0,0.0,0.0,12.0,0,0.0,0.0,0.0,0.0,0.0,0.0,14,0.0,0.0,0.0,0.0,0.0,0.0,13,0," 24"" vekta ld-24tr4350bt",0,0.0,0.0,0.0,0.0,6,0,0.0
15890.0,0,0.0,1.0,0.0,0.0,0.0,0.0,12.0,2,0.0,0.0,1.0,1.0,1.0,1200.0,2,1.0,260.0,0.0,60.0,0.0,0.0,13,9," 43"" vekta ld-43sf4815bs",1,8.0,1.0,0.0,0.0,3,0,0.0
264490.0,0,1.0,1.0,0.0,0.0,0.0,0.0,12.0,3,0.0,1.0,1.0,1.0,1.0,0.0,7,1.0,0.0,0.0,120.0,0.0,0.0,14,1," 75"" sony xr-75x90k",1,0.0,0.0,0.0,0.0,3,0,1.0
312190.0,0,1.0,1.0,1.0,0.0,0.0,0.0,12.0,3,0.0,1.0,1.0,1.0,1.0,0.0,7,1.0,0.0,0.0,120.0,0.0,0.0,14,1," 65"" sony xr-65x95k",1,16.0,0.0,0.0,0.0,3,0,1.0
327690.0,0,1.0,1.0,1.0,0.0,0.0,0.0,12.0,3,0.0,1.0,1.0,1.0,1.0,0.0,14,1.0,0.0,0.0,120.0,0.0,0.0,14,1," 65"" sony xr-65a90j",1,16.0,0.0,0.0,0.0,7,0,1.0
161990.0,0,1.0,1.0,1.0,0.0,0.0,0.0,12.0,3,0.0,1.0,0.0,0.0,1.0,0.0,14,1.0,0.0,20.0,120.0,0.0,0.0,14,1," 55"" sony xr-55a80j",1,16.0,0.0,0.0,0.0,7,0,1.0
201190.0,0,0.0,1.0,0.0,0.0,0.0,0.1,12.0,3,0.0,1.0,1.0,1.0,1.0,0.0,14,1.0,0.0,0.0,100.0,0.0,0.0,12,6," 55"" lg oled55c34la",1,0.0,0.0,0.0,0.0,7,0,1.0
239190.0,0,1.0,1.0,1.0,0.0,0.0,0.0,12.0,3,0.0,1.0,1.0,1.0,1.0,0.0,14,1.0,0.0,0.0,100.0,0.0,0.0,12,6," 65"" lg oled65c36lc",1,0.0,0.0,0.0,0.0,7,0,1.0
24990.0,1,1.0,1.0,0.0,0.0,0.0,0.0,12.0,3,0.0,1.0,1.0,1.0,1.0,0.0,14,0.0,0.0,0.0,60.0,0.0,0.0,10,1," 43"" tcl 43p635",1,0.0,0.0,0.0,0.0,3,0,1.0
57390.0,1,1.0,1.0,0.0,0.0,0.0,0.0,12.0,3,0.0,1.0,1.0,1.0,1.0,0.0,14,0.0,0.0,0.0,60.0,0.0,0.0,9,6," 55"" lg 55uq81009",0,0.0,0.0,0.0,0.0,3,0,1.0
51190.0,0,1.0,1.0,0.0,0.0,0.0,0.0,12.0,3,0.0,1.0,1.0,1.0,1.0,0.0,3,0.0,0.0,0.0,60.0,0.0,0.0,5,4," 55"" samsung ue55au7100",1,0.0,0.0,0.0,0.0,3,0,1.0
118990.0,1,1.0,1.0,0.0,0.0,0.0,0.0,12.0,3,0.0,1.0,0.0,1.0,1.0,0.0,14,0.0,0.0,0.0,60.0,0.0,0.0,8,6," 55"" lg oled55a2rla",1,0.0,0.0,0.0,0.0,7,0,1.0
76290.0,1,1.0,1.0,0.0,0.0,0.0,0.0,12.0,3,0.0,1.0,1.0,1.0,1.0,0.0,7,1.0,0.0,0.0,60.0,0.0,0.0,9,6," 65"" lg 65uq76003",1,0.0,0.0,0.0,0.0,3,0,1.0
70690.0,0,1.0,1.0,0.0,0.0,0.0,0.0,12.0,3,0.0,1.0,1.0,1.0,1.0,0.0,9,0.0,0.0,0.0,60.0,0.0,0.0,9,4," 65"" samsung ue65au7100",1,0.0,0.0,0.0,0.0,3,0,1.0
258990.0,2,1.0,1.0,1.0,0.0,0.0,0.0,12.0,3,0.0,1.0,0.0,0.0,1.0,0.0,14,1.0,0.0,0.0,120.0,0.0,0.0,8,6," 65"" lg oled65g2rla",1,0.0,0.0,0.0,0.0,7,0,1.0
80490.0,1,1.0,1.0,0.0,0.0,0.0,0.0,12.0,3,0.0,1.0,1.0,1.0,1.0,0.0,7,0.0,0.0,0.0,60.0,0.0,0.0,9,6," 65"" lg 65uq81009",1,0.0,0.0,0.0,0.0,3,0,1.0
45490.0,1,1.0,1.0,0.0,0.0,0.0,0.0,12.0,3,0.0,1.0,1.0,1.0,1.0,0.0,3,0.0,0.0,0.0,60.0,1.0,0.0,9,6," 43"" lg 43uq76906",1,0.0,0.0,0.0,0.0,3,0,0.0
53190.0,1,1.0,1.0,0.0,0.0,0.0,0.0,12.0,3,0.0,1.0,1.0,1.0,1.0,0.0,14,0.0,0.0,0.0,60.0,1.0,127.0,8,6," 50"" lg nanocell 50nano769qa",1,0.0,0.0,0.0,0.0,4,0,1.0
17999990.0,0,1.0,0.0,0.0,0.0,0.0,0.0,12.0,3,0.0,1.0,1.0,1.0,1.0,0.0,13,0.0,0.0,0.0,120.0,0.0,0.0,5,4," 110"" samsung mna110ms1ac",1,0.0,0.0,5.0,0.0,3,0,1.0
49990.0,0,1.0,1.0,0.0,0.0,0.0,8.0,12.0,3,0.0,0.0,0.0,1.0,1.0,5000.0,14,0.0,350.0,0.0,60.0,0.0,127.0,10,1," 50"" haier 50 smart tv s5",1,0.0,0.0,0.0,0.0,8,0,1.0
35790.0,1,1.0,0.0,0.0,0.0,0.0,0.0,12.0,3,0.0,0.0,1.0,1.0,1.0,0.0,3,1.0,0.0,0.0,60.0,0.0,0.0,13,4," 43"" samsung ue43tu7002",1,0.0,0.0,0.0,0.0,3,0,1.0
16190.0,0,0.0,1.0,0.0,1.0,0.0,0.0,12.0,2,0.0,0.0,1.0,0.0,1.0,1200.0,2,1.0,260.0,0.0,60.0,0.0,0.0,13,9," 43"" vekta ld-43sf4815ws",1,8.0,1.0,0.0,0.0,3,0,0.0
26290.0,1,1.0,1.0,0.0,1.0,0.0,0.0,12.0,3,0.0,0.0,0.0,0.0,1.0,5000.0,14,1.0,300.0,0.0,60.0,0.0,0.0,13,9," 55"" vekta ld-55su8815bs",1,8.0,1.5,0.0,0.0,3,0,1.0
54990.0,1,1.0,1.0,0.0,0.0,0.0,0.0,12.0,3,0.0,0.0,1.0,1.0,1.0,0.0,14,1.0,350.0,0.0,60.0,0.0,0.0,13,1," 65"" philips 65pus7406/60",1,0.0,0.0,0.0,0.0,3,0,1.0
69790.0,1,1.0,0.0,0.0,0.0,0.0,0.0,12.0,3,0.0,0.0,1.0,1.0,1.0,0.0,3,0.0,0.0,0.0,60.0,0.0,0.0,4,4," 55"" samsung qe55q60aauxxh",1,0.0,0.0,0.0,0.0,8,0,1.0
59790.0,1,1.0,0.0,0.0,0.0,0.0,0.0,12.0,3,0.0,1.0,1.0,1.0,1.0,0.0,3,1.0,0.0,0.0,60.0,0.0,0.0,14,4," 55"" samsung ue55au8072uxxh",1,0.0,0.0,0.0,0.0,3,0,1.0
107690.0,1,1.0,0.0,1.0,0.0,0.0,0.0,12.0,3,0.0,1.0,1.0,1.0,1.0,0.0,3,1.0,0.0,0.0,100.0,0.0,0.0,5,4," 55"" samsung 55q80ba",1,0.0,0.0,0.0,0.0,8,0,1.0
131990.0,1,1.0,0.0,1.0,0.0,0.0,0.0,12.0,3,0.0,1.0,1.0,1.0,1.0,0.0,14,1.0,0.0,0.0,100.0,0.0,0.0,5,4," 55"" samsung 55qn85ba",0,0.0,0.0,0.0,0.0,8,0,1.0
102590.0,1,1.0,0.0,0.0,0.0,0.0,0.0,12.0,3,0.0,1.0,1.0,1.0,1.0,0.0,9,1.0,0.0,0.0,50.0,0.0,0.0,5,4," 65"" samsung 65q60ba",1,0.0,0.0,0.0,0.0,8,0,1.0
202190.0,1,1.0,0.0,1.0,0.0,0.0,0.0,12.0,3,0.0,1.0,1.0,1.0,0.0,0.0,10,1.0,0.0,0.0,100.0,0.0,0.0,5,4," 75"" samsung 75q80ba",1,0.0,0.0,0.0,0.0,8,0,1.0
236590.0,1,1.0,0.0,0.0,0.0,0.0,0.0,12.0,3,0.0,1.0,1.0,1.0,1.0,0.0,10,1.0,0.0,0.0,100.0,0.0,0.0,5,4," 75"" samsung 75qn85ba",1,0.0,0.0,0.0,0.0,8,0,1.0
100790.0,0,1.0,0.0,0.0,0.0,0.0,0.0,12.0,3,0.0,1.0,1.0,1.0,1.0,0.0,14,0.0,0.0,0.0,100.0,0.0,127.0,5,4," 50"" samsung 50ls03ba",1,0.0,0.0,0.0,0.0,8,0,1.0
63990.0,0,1.0,0.0,0.0,0.0,0.0,8.0,12.0,3,0.0,1.0,0.0,0.0,1.0,5000.0,14,0.0,300.0,0.0,60.0,1.0,0.0,10,1," 65"" haier 65 smart tv mx",1,0.0,0.0,0.0,0.0,3,0,1.0
47190.0,1,1.0,1.0,0.0,0.0,0.0,0.0,12.0,3,0.0,0.0,1.0,1.0,1.0,0.0,14,1.0,0.0,0.0,60.0,0.0,127.0,12,6," 50"" lg nanocell 50nano816pa",1,0.0,0.0,0.0,0.0,4,0,1.0
102990.0,1,1.0,1.0,0.0,0.0,0.0,0.0,12.0,3,0.0,1.0,1.0,1.0,1.0,0.0,7,0.0,0.0,0.0,120.0,0.0,0.0,11,1," 55"" sony kd-55x85k",1,16.0,0.0,0.0,0.0,11,0,1.0
54390.0,1,1.0,0.0,0.0,0.0,0.0,0.0,12.0,3,0.0,0.0,1.0,1.0,1.0,0.0,14,0.0,0.0,0.0,60.0,0.0,0.0,12,6," 55"" lg 55up80003lr",0,0.0,0.0,0.0,0.0,3,0,1.0
184990.0,1,1.0,0.0,0.0,0.0,0.0,0.0,12.0,3,0.0,0.0,1.0,1.0,1.0,0.0,7,0.0,0.0,0.0,60.0,0.0,0.0,14,1," 75"" sony kd-75x81k",1,0.0,0.0,0.0,0.0,3,0,1.0
49790.0,1,1.0,0.0,0.0,0.0,0.0,0.0,12.0,3,0.0,0.0,1.0,1.0,1.0,0.0,3,0.0,0.0,0.0,60.0,0.0,0.0,5,4," 55"" samsung ua55au7700kxxt",1,0.0,0.0,0.0,0.0,3,0,1.0
49790.0,1,1.0,0.0,0.0,0.0,0.0,0.0,12.0,3,0.0,1.0,1.0,1.0,1.0,0.0,3,1.0,0.0,0.0,60.0,0.0,127.0,4,4," 50"" samsung ue50au7170uxzt",1,0.0,0.0,0.0,0.0,3,0,1.0
690590.0,0,1.0,1.0,1.0,0.0,0.0,0.0,12.0,4,1.0,1.0,1.0,1.0,1.0,0.0,14,0.0,0.0,0.0,60.0,0.0,0.0,14,1," 75"" sony kd-75zh8",1,0.0,0.0,0.0,0.0,3,0,1.0
174990.0,1,1.0,1.0,0.0,0.0,0.0,0.0,12.0,3,0.0,1.0,1.0,1.0,1.0,0.0,7,1.0,0.0,0.0,60.0,0.0,0.0,11,1," 75"" sony kd-75x80k",1,0.0,0.0,0.0,0.0,3,0,1.0
59790.0,1,1.0,0.0,0.0,0.0,0.0,0.0,12.0,3,0.0,0.0,1.0,1.0,1.0,0.0,14,0.0,0.0,0.0,60.0,0.0,0.0,14,4," 55"" samsung ue55au8070uxxh",1,0.0,0.0,0.0,0.0,3,0,1.0
69790.0,0,1.0,0.0,0.0,0.0,0.0,0.0,12.0,3,0.0,0.0,1.0,1.0,1.0,0.0,9,0.0,0.0,0.0,60.0,0.0,0.0,5,4," 65"" samsung ua65au7700kxxt",1,0.0,0.0,0.0,0.0,3,0,1.0
34190.0,1,1.0,0.0,0.0,0.0,0.0,0.0,12.0,2,0.0,1.0,1.0,1.0,1.0,0.0,14,1.0,0.0,0.0,50.0,0.0,0.0,8,6," 43"" lg 43lm6370pva",1,0.0,0.0,0.0,0.0,3,0,1.0
42690.0,1,1.0,0.0,0.0,0.0,0.0,0.0,12.0,3,0.0,0.0,1.0,1.0,1.0,0.0,3,1.0,0.0,0.0,60.0,0.0,127.0,12,6," 50"" lg 50up78003lb",1,0.0,0.0,0.0,0.0,3,0,1.0
52790.0,1,1.0,0.0,0.0,0.0,0.0,0.0,12.0,3,0.0,0.0,1.0,1.0,1.0,0.0,7,0.0,0.0,0.0,60.0,1.0,0.0,8,6," 55"" lg 55uq76003ld",1,0.0,0.0,0.0,0.0,3,0,1.0
65990.0,1,1.0,0.0,0.0,0.0,0.0,0.0,12.0,3,0.0,0.0,1.0,1.0,1.0,0.0,7,0.0,0.0,0.0,60.0,0.0,0.0,12,6," 65"" lg 65up75006lf",1,0.0,0.0,0.0,0.0,3,0,1.0
95190.0,0,0.0,0.0,0.0,0.0,0.0,0.0,12.0,0,0.0,0.0,0.0,0.0,0.0,0.0,14,0.0,0.0,0.0,0.0,0.0,0.0,12,0," 75"" lg 75up75006lc",0,0.0,0.0,0.0,0.0,6,0,0.0
129990.0,0,0.0,0.0,0.0,0.0,0.0,0.0,12.0,0,0.0,0.0,0.0,0.0,0.0,0.0,14,0.0,0.0,0.0,0.0,0.0,0.0,11,0," 55"" sony xr-55x90k",0,0.0,0.0,0.0,0.0,6,0,0.0
127990.0,0,0.0,0.0,0.0,0.0,0.0,0.0,12.0,0,0.0,0.0,0.0,0.0,0.0,0.0,14,0.0,0.0,0.0,0.0,0.0,0.0,11,0," 65"" sony kd-65x85k",0,0.0,0.0,0.0,0.0,6,0,0.0
29990.0,0,0.0,0.0,0.0,0.0,0.0,0.0,12.0,0,0.0,0.0,0.0,0.0,0.0,0.0,14,0.0,0.0,0.0,0.0,0.0,0.0,5,0," 32"" samsung ue32t5300auxce",0,0.0,0.0,0.0,0.0,6,0,0.0
52990.0,0,0.0,0.0,0.0,0.0,0.0,0.0,12.0,0,0.0,0.0,0.0,0.0,0.0,0.0,14,0.0,0.0,0.0,0.0,0.0,0.0,5,0," 43"" samsung ue43bu8000uxce",0,0.0,0.0,0.0,0.0,6,0,0.0
43990.0,0,0.0,0.0,0.0,0.0,0.0,0.0,12.0,0,0.0,0.0,0.0,0.0,0.0,0.0,14,0.0,0.0,0.0,0.0,0.0,0.0,5,0," 43"" samsung ue43t5300auxce",0,0.0,0.0,0.0,0.0,6,0,0.0
58990.0,0,0.0,0.0,0.0,0.0,0.0,0.0,12.0,0,0.0,0.0,0.0,0.0,0.0,0.0,14,0.0,0.0,0.0,0.0,0.0,0.0,5,0," 50"" samsung ue50au7100uxce",0,0.0,0.0,0.0,0.0,6,0,0.0
70990.0,0,0.0,0.0,0.0,0.0,0.0,0.0,12.0,0,0.0,0.0,0.0,0.0,0.0,0.0,14,0.0,0.0,0.0,0.0,0.0,0.0,5,0," 50"" samsung ue50bu8500uxce",0,0.0,0.0,0.0,0.0,6,0,0.0
119999.0,0,0.0,1.0,0.0,0.0,0.0,0.0,12.0,3,0.0,0.0,1.0,1.0,0.0,0.0,14,0.0,0.0,0.0,60.0,0.0,0.0,16,1," 75"" artel ua75h3502",1,16.0,2.0,5.0,0.0,3,0,1.0
224999.0,0,0.0,0.0,0.0,0.0,0.0,0.0,12.0,3,0.0,1.0,0.0,0.0,1.0,1200.0,14,1.0,1200.0,0.0,120.0,0.0,0.0,10,5," 75"" hisense 75u8hq",1,0.0,0.0,5.0,0.0,8,0,1.0
160999.0,0,1.0,0.0,0.0,0.0,0.0,0.0,12.0,3,0.0,1.0,1.0,1.0,1.0,0.0,3,1.0,0.0,0.0,100.0,0.0,0.0,13,4," 55"" samsung qe55qn90bau",0,0.0,0.0,5.0,0.0,8,0,1.0
99999.0,1,1.0,0.0,0.0,0.0,0.0,0.0,12.0,3,0.0,0.0,1.0,1.0,1.0,1200.0,14,0.0,0.0,0.0,60.0,0.0,0.0,10,1," 75"" panasonic th-75jx660m",1,0.0,0.0,0.0,0.0,3,0,1.0
69999.0,1,1.0,0.0,0.0,0.0,0.0,0.0,12.0,3,0.0,0.0,1.0,1.0,1.0,1200.0,14,0.0,0.0,0.0,60.0,0.0,0.0,10,1," 65"" panasonic th-65hx750m",1,0.0,0.0,0.0,0.0,3,0,1.0
432999.0,2,1.0,0.0,0.0,0.0,0.0,0.0,12.0,3,0.0,1.0,1.0,1.0,1.0,0.0,4,1.0,0.0,0.0,120.0,0.0,0.0,10,6," 65"" lg easel 65art90e6qa",1,0.0,0.0,0.0,0.0,7,0,1.0
419999.0,0,1.0,0.0,0.0,0.0,0.0,0.0,12.0,3,0.0,1.0,1.0,1.0,1.0,0.0,7,0.0,0.0,0.0,120.0,0.0,0.0,10,1," 75"" sony xr75x95k",1,0.0,0.0,5.0,0.0,3,0,1.0
149999.0,0,1.0,0.0,0.0,0.0,0.0,0.0,12.0,3,0.0,0.0,1.0,1.0,1.0,0.0,6,0.0,0.0,0.0,120.0,0.0,0.0,10,6," 48"" lg 48lx1q6la",1,0.0,0.0,0.0,0.0,7,0,1.0
219999.0,0,1.0,0.0,0.0,0.0,0.0,0.0,12.0,3,0.0,0.0,1.0,1.0,1.0,0.0,6,0.0,0.0,0.0,120.0,0.0,0.0,10,6," 55"" lg 55lx1q6la",1,0.0,0.0,0.0,0.0,7,0,1.0
581499.0,0,1.0,0.0,1.0,0.0,0.0,0.0,12.0,4,0.0,1.0,1.0,1.0,0.0,0.0,10,1.0,0.0,0.0,100.0,0.0,0.0,13,4," 75"" samsung qe75qn900bu",1,0.0,0.0,5.0,0.0,8,0,1.0
174999.0,2,1.0,0.0,1.0,0.0,0.0,0.0,12.0,3,0.0,1.0,1.0,1.0,1.0,0.0,9,0.0,0.0,0.0,100.0,0.0,0.0,13,4," 55"" samsung qe55qn95bau",1,0.0,0.0,5.0,0.0,8,0,1.0
224999.0,2,1.0,0.0,1.0,0.0,0.0,0.0,12.0,3,0.0,1.0,1.0,1.0,1.0,0.0,9,1.0,0.0,0.0,100.0,0.0,0.0,13,4," 65"" samsung qe65qn95bau",1,0.0,0.0,5.0,0.0,8,0,1.0
73599.0,1,1.0,0.0,0.0,0.0,21.5,0.0,12.0,3,0.0,1.0,1.0,1.0,1.0,0.0,7,0.0,0.0,0.0,60.0,0.0,0.0,10,6," 65"" lg 65uq81006lb",1,0.0,0.0,5.0,0.0,3,0,1.0
44999.0,0,1.0,0.0,0.0,0.0,8.8,0.0,12.0,3,0.0,1.0,1.0,1.0,1.0,0.0,3,0.0,0.0,0.0,60.0,0.0,0.0,12,6," 43"" lg 43ur78009ll",1,0.0,0.0,0.0,0.0,3,0,1.0
47999.0,0,1.0,0.0,0.0,0.0,11.7,0.0,12.0,3,0.0,1.0,1.0,1.0,1.0,0.0,3,0.0,0.0,0.0,60.0,0.0,127.0,12,6," 50"" lg 50ur78009ll",1,0.0,0.0,0.0,0.0,3,0,1.0
45999.0,0,0.0,0.0,0.0,0.0,0.0,0.0,12.0,3,0.0,0.0,1.0,1.0,1.0,0.0,14,1.0,0.0,0.0,60.0,0.0,0.0,12,6," 43"" lg 43ur81009lk",0,0.0,0.0,0.0,0.0,3,13,0.0
71999.0,0,1.0,0.0,0.0,0.0,14.0,0.0,12.0,3,0.0,1.0,1.0,1.0,1.0,0.0,3,0.0,0.0,0.0,60.0,0.0,0.0,12,6," 55"" lg 55ur81009lk",1,0.0,0.0,0.0,0.0,3,0,1.0
