Мощность сабвуфера,Операционная система,Цифровое шумоподавление,Цвет,Поддержка NFC,Количество отзывов,Размер VESA,Название,Вес без подставки,Время отклика пикселя,Разъем для наушников,Яркость экрана,Соотношение сторон,Акустическая схема,Рейтинг,Цена,Встроенный Wi-Fi,Объем оперативной памяти,Гарантия,Прогрессивная развертка,Страна производитель,Разрешение,Встроенный сабвуфер,Тип панели,Таймер включения/выключения,Управление со смартфона,Встроенный Bluetooth,Контрастность,Поддержка HDR,Диагональ,Объем встроенной памяти,Телетекст,Частота обновления,Родительский контроль
0,1,1.0,0,0.0,14.0,0,"32"" haier smart tv s1",3.7,6.5,1.0,220.0,1,4,4.8,15990.0,1.0,1.0,12.0,0.0,13,2,0.0,3,1.0,0.0,1.0,4000,1.0,81.0,8.0,0.0,60.0,1.0
0,0,0.0,0,0.0,3.0,2,"43"" yuno ulx-43utcs3234",0.0,0.0,1.0,0.0,0,4,4.3,17990.0,1.0,0.0,12.0,0.0,0,0,0.0,6,0.0,1.0,0.0,0,0.0,0.0,0.0,0.0,0.0,0.0
0,6,0.0,0,0.0,5.0,3,"43"" lg 43nano786qa.arub",9.2,0.0,0.0,0.0,0,4,4.6,40990.0,1.0,0.0,12.0,0.0,0,0,0.0,6,0.0,0.0,1.0,0,1.0,0.0,0.0,0.0,0.0,0.0
0,0,0.0,0,0.0,6.0,12,"24"" bbk 24lem-1089/t2c",0.0,0.0,0.0,0.0,0,0,4.8,7490.0,0.0,0.0,12.0,1.0,0,0,0.0,6,0.0,0.0,0.0,0,0.0,0.0,0.0,0.0,0.0,0.0
0,0,0.0,0,0.0,0.0,3,"55"" samsung qe55q70bauxce",15.5,0.0,0.0,0.0,0,0,0.0,94990.0,1.0,0.0,12.0,1.0,0,0,0.0,6,0.0,0.0,1.0,0,1.0,0.0,0.0,1.0,0.0,1.0
0,0,1.0,0,0.0,21.0,3,"32"" hyundai h-led32et3021",4.3,0.0,0.0,0.0,0,0,4.5,9440.0,0.0,0.0,12.0,1.0,0,0,0.0,6,0.0,0.0,0.0,0,0.0,0.0,0.0,1.0,0.0,1.0
0,8,0.0,0,0.0,4.0,3,"50"" starwind sw-led50ug400",0.0,8.0,1.0,250.0,1,0,4.5,25390.0,1.0,1.5,12.0,0.0,2,3,0.0,3,0.0,0.0,1.0,6000,0.0,127.0,8.0,0.0,60.0,0.0
20,5,0.0,0,0.0,14.0,9,"55"" hisense 55u8hq",19.4,0.0,0.0,0.0,0,2,4.9,124990.0,1.0,0.0,12.0,0.0,0,0,1.0,6,0.0,0.0,1.0,0,1.0,0.0,0.0,1.0,0.0,1.0
0,2,0.0,0,0.0,12.0,3,"65"" tcl 65p637",14.0,0.0,1.0,0.0,0,4,5.0,47990.0,1.0,2.0,12.0,0.0,0,0,0.0,6,0.0,0.0,1.0,0,1.0,0.0,16.0,0.0,0.0,0.0
0,8,0.0,0,0.0,3.0,3,"55"" starwind sw-led55ug400",0.0,6.5,1.0,250.0,1,0,4.0,28290.0,1.0,1.5,12.0,0.0,2,3,0.0,3,0.0,0.0,1.0,5000,0.0,140.0,8.0,0.0,60.0,0.0
0,8,0.0,0,0.0,6.0,3,"50"" bbk 50lex-8289/uts2c",0.0,0.0,1.0,0.0,0,0,4.8,24990.0,1.0,0.0,12.0,0.0,0,0,0.0,6,0.0,0.0,1.0,0,0.0,0.0,0.0,0.0,0.0,0.0
0,4,0.0,0,0.0,1.0,3,"50"" samsung qe50q60bauxce",11.5,8.0,0.0,0.0,1,0,5.0,64990.0,1.0,0.0,12.0,0.0,13,3,0.0,8,0.0,0.0,1.0,0,1.0,127.0,0.0,1.0,60.0,1.0
0,1,1.0,0,0.0,38.0,8,"50"" hyundai h-led50eu7008",10.3,0.0,1.0,0.0,0,0,4.3,26240.0,1.0,0.0,12.0,1.0,0,0,0.0,6,0.0,1.0,1.0,0,1.0,0.0,0.0,1.0,0.0,1.0
0,1,1.0,0,0.0,13.0,3,"50"" grundig 50gfu7800b",0.0,0.0,0.0,0.0,0,4,4.7,42990.0,1.0,0.0,12.0,0.0,0,0,0.0,6,1.0,1.0,1.0,0,1.0,0.0,0.0,0.0,0.0,1.0
0,0,1.0,0,0.0,3.0,2,"24"" hyundai h-led24bs5000",2.5,0.0,1.0,0.0,0,0,5.0,10990.0,1.0,1.0,12.0,1.0,0,0,0.0,6,1.0,1.0,1.0,0,0.0,0.0,8.0,0.0,0.0,1.0
0,0,1.0,0,0.0,9.0,0,"32"" sunwind sun-led32xb211",4.55,8.5,1.0,200.0,1,4,4.6,8990.0,0.0,0.0,12.0,1.0,2,1,0.0,3,1.0,0.0,0.0,3000,0.0,81.0,0.0,1.0,60.0,1.0
0,1,1.0,0,0.0,5.0,4,"58"" philips 58pus8507/60",0.0,0.0,1.0,0.0,0,0,4.8,69990.0,1.0,0.0,12.0,1.0,0,0,0.0,6,1.0,0.0,1.0,0,0.0,0.0,0.0,1.0,0.0,1.0
0,1,1.0,0,0.0,17.0,3,"50"" hyundai h-led50qbu7500",8.8,9.5,0.0,350.0,1,4,4.7,34990.0,1.0,2.0,12.0,1.0,2,3,0.0,8,1.0,0.0,1.0,5000,1.0,127.0,16.0,1.0,60.0,1.0
0,1,0.0,0,0.0,0.0,0,"31.5"" telefunken tf-led32s74t2s\h",0.0,0.0,1.0,0.0,0,4,0.0,9290.0,1.0,1.0,12.0,1.0,0,0,0.0,6,0.0,1.0,0.0,0,0.0,0.0,8.0,1.0,0.0,0.0
0,6,0.0,2,0.0,1.0,12,"28"" lg 28tq525s-pz",0.0,0.0,0.0,0.0,0,4,5.0,20990.0,1.0,0.0,12.0,0.0,0,0,0.0,6,0.0,0.0,1.0,0,0.0,0.0,0.0,0.0,0.0,0.0
0,5,0.0,0,0.0,1.0,9,"75"" hisense 75a6bg",26.0,0.0,1.0,0.0,0,0,5.0,99990.0,1.0,0.0,12.0,1.0,0,0,0.0,6,0.0,1.0,1.0,0,0.0,0.0,0.0,0.0,0.0,0.0
0,0,0.0,0,0.0,3.0,0,"23.6"" supra stv-lc24lt0045w",0.0,0.0,1.0,0.0,0,0,4.0,7390.0,0.0,0.0,12.0,1.0,0,0,0.0,6,0.0,0.0,0.0,0,0.0,0.0,0.0,1.0,0.0,0.0
0,0,1.0,0,0.0,10.0,2,"32"" polarline 32pl12tc",4.0,0.0,1.0,0.0,0,0,5.0,8720.0,0.0,0.0,12.0,1.0,0,0,0.0,6,0.0,0.0,0.0,0,0.0,0.0,0.0,1.0,0.0,1.0
0,8,0.0,0,0.0,4.0,12,"23.6"" bbk 24lex-7289/ts2c",0.0,0.0,1.0,0.0,0,4,5.0,8990.0,1.0,1.0,12.0,0.0,0,0,0.0,6,0.0,0.0,1.0,0,0.0,0.0,8.0,0.0,0.0,0.0
0,1,1.0,0,0.0,33.0,3,"55"" hyundai h-led55eu7008",13.5,0.0,1.0,0.0,0,0,4.9,30720.0,1.0,0.0,12.0,1.0,0,0,0.0,6,0.0,1.0,1.0,0,1.0,0.0,0.0,1.0,0.0,1.0
0,1,1.0,0,0.0,6.0,6,"65"" hyundai h-led65qbu7500",19.0,6.5,0.0,400.0,1,4,4.8,53990.0,1.0,2.0,12.0,1.0,2,3,0.0,8,1.0,0.0,1.0,5000,1.0,165.0,16.0,1.0,60.0,1.0
0,1,0.0,0,0.0,9.0,7,"70"" philips 70pus7956/60",24.6,0.0,1.0,0.0,0,0,4.1,79990.0,1.0,0.0,12.0,1.0,0,0,0.0,6,0.0,1.0,1.0,0,1.0,0.0,8.0,1.0,0.0,0.0
0,0,0.0,0,0.0,2.0,0,"32"" samsung ue32t4500auxce",4.0,0.0,0.0,0.0,0,0,5.0,23450.0,1.0,0.0,12.0,1.0,0,0,0.0,6,0.0,1.0,0.0,0,1.0,0.0,0.0,1.0,0.0,1.0
0,8,1.0,0,0.0,9.0,3,"40"" starwind sw-led40sg300",5.7,9.5,1.0,220.0,1,0,4.9,15890.0,1.0,1.0,12.0,1.0,2,2,0.0,3,0.0,0.0,1.0,5000,0.0,102.0,8.0,0.0,60.0,0.0
0,8,1.0,0,0.0,11.0,3,"32"" hyundai h-led32fs5005",3.7,0.0,1.0,0.0,0,0,2.5,10490.0,1.0,1.0,12.0,1.0,0,0,0.0,6,1.0,1.0,1.0,0,0.0,0.0,8.0,0.0,0.0,1.0
0,1,1.0,0,0.0,11.0,9,"50"" haier smart tv s1",10.3,8.0,1.0,280.0,1,4,5.0,27990.0,1.0,1.5,12.0,0.0,10,3,0.0,3,1.0,0.0,1.0,5000,1.0,127.0,8.0,0.0,60.0,1.0
0,8,0.0,0,0.0,6.0,0,"31.5"" yuno ulx-32tcsw2234",0.0,0.0,1.0,0.0,0,4,4.8,10590.0,1.0,1.5,12.0,0.0,0,0,0.0,6,0.0,0.0,1.0,0,0.0,0.0,8.0,0.0,0.0,0.0
0,1,1.0,0,0.0,4.0,9,"50"" haier smart tv s3",8.2,6.5,1.0,320.0,0,4,5.0,34990.0,1.0,0.0,12.0,0.0,10,3,0.0,8,1.0,0.0,1.0,6000,1.0,127.0,0.0,0.0,60.0,1.0
0,0,0.0,0,0.0,2.0,3,"55"" samsung qe55qn85bauxce",17.2,0.0,0.0,0.0,0,1,4.0,129990.0,1.0,0.0,12.0,0.0,0,0,0.0,6,0.0,0.0,1.0,0,1.0,0.0,0.0,1.0,0.0,0.0
20,5,0.0,0,0.0,4.0,9,"65"" hisense 65u8hq",26.5,0.0,0.0,0.0,0,2,4.8,149990.0,1.0,0.0,12.0,0.0,0,0,1.0,6,0.0,0.0,1.0,0,1.0,0.0,0.0,1.0,0.0,1.0
0,0,0.0,0,0.0,1.0,3,"55"" samsung qe55q60bauxce",14.7,0.0,0.0,0.0,0,4,5.0,79990.0,1.0,0.0,12.0,0.0,0,0,0.0,6,0.0,0.0,1.0,0,1.0,0.0,0.0,0.0,0.0,0.0
0,7,1.0,0,0.0,16.0,3,"55"" hyundai h-led55fu7004",12.44,0.0,1.0,0.0,0,0,4.1,25980.0,1.0,0.0,12.0,1.0,0,0,0.0,6,1.0,0.0,1.0,0,1.0,0.0,0.0,1.0,0.0,1.0
0,1,1.0,0,0.0,23.0,3,"55"" hyundai h-led55qbu7500",12.5,6.5,0.0,350.0,1,4,4.3,43990.0,1.0,2.0,12.0,1.0,2,3,0.0,8,1.0,0.0,1.0,5000,1.0,140.0,16.0,1.0,60.0,1.0
0,8,1.0,0,0.0,9.0,12,"24"" yuno ulx-24tcs221",0.0,0.0,1.0,0.0,0,0,4.7,8390.0,1.0,0.0,12.0,1.0,0,0,0.0,6,0.0,1.0,1.0,0,0.0,0.0,0.0,0.0,0.0,1.0
0,8,0.0,0,0.0,2.0,2,"43"" telefunken tf-led43s97t2su\y\h",0.0,0.0,1.0,0.0,0,4,4.0,19990.0,1.0,1.5,12.0,1.0,0,0,0.0,6,0.0,1.0,1.0,0,0.0,0.0,8.0,0.0,0.0,0.0
0,6,1.0,0,0.0,1.0,3,"43"" lg 43nano776qa.aru",9.2,0.0,0.0,0.0,0,4,5.0,61990.0,1.0,0.0,12.0,1.0,0,0,0.0,6,0.0,1.0,1.0,0,1.0,0.0,0.0,1.0,0.0,1.0
0,8,0.0,0,0.0,5.0,0,"32"" bbk 32lex-7290/ts2c",0.0,0.0,1.0,0.0,0,0,4.8,11290.0,1.0,1.0,12.0,1.0,0,0,0.0,6,0.0,0.0,1.0,0,0.0,0.0,8.0,0.0,0.0,0.0
0,0,1.0,0,0.0,4.0,0,"32"" digma dm-led32mbb21",4.75,8.5,1.0,200.0,1,0,5.0,8890.0,0.0,0.0,12.0,1.0,2,1,0.0,3,1.0,0.0,0.0,3000,0.0,81.0,0.0,1.0,60.0,1.0
0,5,1.0,0,0.0,3.0,9,"85"" hisense 85a6bg",41.0,0.0,1.0,0.0,0,4,5.0,129990.0,1.0,0.0,12.0,1.0,0,0,0.0,6,0.0,0.0,1.0,0,0.0,0.0,0.0,1.0,0.0,1.0
0,0,0.0,0,0.0,1.0,0,"31.5"" yuno ulm-32tcw115",4.1,0.0,1.0,0.0,0,0,5.0,7990.0,0.0,0.0,12.0,1.0,0,0,0.0,6,1.0,0.0,0.0,0,0.0,0.0,0.0,0.0,0.0,1.0
0,7,1.0,0,0.0,18.0,3,"43"" hyundai h-led43fu7004",7.44,0.0,1.0,0.0,0,0,3.8,18260.0,1.0,1.0,12.0,1.0,0,0,0.0,6,1.0,0.0,1.0,0,1.0,0.0,8.0,1.0,0.0,1.0
0,0,0.0,0,0.0,3.0,3,"40"" supra stv-lc40lt00100f",7.2,0.0,0.0,0.0,0,0,5.0,12890.0,0.0,0.0,12.0,0.0,0,0,0.0,6,0.0,0.0,0.0,0,0.0,0.0,0.0,1.0,0.0,1.0
0,0,0.0,0,0.0,0.0,9,"65"" samsung qe65q60bauxce",20.9,8.0,0.0,0.0,1,0,0.0,105810.0,1.0,0.0,12.0,1.0,13,3,0.0,8,0.0,1.0,1.0,0,1.0,165.0,0.0,1.0,60.0,1.0
0,1,0.0,0,0.0,1.0,0,"32"" tcl 32s5400a",3.4,0.0,0.0,0.0,0,4,5.0,12990.0,1.0,1.0,12.0,0.0,0,0,0.0,6,0.0,0.0,1.0,0,1.0,0.0,8.0,0.0,0.0,1.0
20,5,1.0,0,0.0,1.0,9,"75"" hisense 75u8hq",38.5,0.0,1.0,0.0,0,2,5.0,224990.0,1.0,0.0,12.0,1.0,0,0,1.0,6,0.0,0.0,1.0,0,0.0,0.0,0.0,1.0,0.0,1.0
0,0,1.0,0,0.0,4.0,3,"40"" starwind sw-led40bg200",5.7,9.5,0.0,220.0,1,0,4.8,13690.0,0.0,1.0,12.0,1.0,2,2,0.0,3,0.0,0.0,0.0,5000,0.0,102.0,8.0,1.0,60.0,1.0
0,0,0.0,0,0.0,11.0,3,"50"" hyundai h-led50fu7004",9.94,0.0,0.0,0.0,0,0,3.5,23090.0,0.0,0.0,12.0,0.0,0,0,0.0,6,0.0,0.0,0.0,0,0.0,0.0,0.0,0.0,0.0,0.0
0,0,0.0,0,0.0,0.0,14,"24"" lg 24lp451v-pz.arub",0.0,0.0,0.0,0.0,0,0,0.0,12990.0,0.0,0.0,0.0,0.0,0,0,0.0,6,0.0,0.0,0.0,0,0.0,0.0,0.0,0.0,0.0,0.0
0,0,0.0,0,0.0,0.0,0,"32"" bbk 32lem-1088/ts2c",0.0,0.0,1.0,0.0,0,0,0.0,9490.0,0.0,0.0,12.0,0.0,0,0,0.0,6,0.0,0.0,0.0,0,0.0,0.0,0.0,1.0,0.0,0.0
0,0,0.0,0,0.0,17.0,14,"40"" sunwind sun-led40b12",0.0,0.0,0.0,0.0,0,0,3.8,11540.0,0.0,0.0,0.0,0.0,0,0,0.0,6,0.0,0.0,0.0,0,0.0,0.0,0.0,0.0,0.0,0.0
0,0,0.0,0,0.0,6.0,14,"43"" starwind sw-led43ug401",0.0,0.0,0.0,0.0,0,0,5.0,17690.0,0.0,0.0,12.0,0.0,0,0,0.0,6,0.0,0.0,0.0,0,0.0,0.0,0.0,0.0,0.0,0.0
0,0,0.0,0,0.0,0.0,14,"31.5"" telefunken tf-led32s18t2s(черный)\h",0.0,0.0,0.0,0.0,0,0,0.0,10590.0,0.0,0.0,0.0,0.0,0,0,0.0,6,0.0,0.0,0.0,0,0.0,0.0,0.0,0.0,0.0,0.0
0,0,0.0,0,0.0,1.0,14,"43"" samsung qe43q60bauxce",0.0,0.0,0.0,0.0,0,0,5.0,57990.0,0.0,0.0,0.0,0.0,0,0,0.0,6,0.0,0.0,0.0,0,0.0,0.0,0.0,0.0,0.0,0.0
20,4,0.0,0,0.0,1.0,3,"55"" samsung qe55qn90bauxce",17.7,0.0,0.0,0.0,0,0,5.0,217590.0,1.0,0.0,12.0,0.0,0,0,1.0,6,0.0,0.0,1.0,0,1.0,0.0,0.0,1.0,0.0,1.0
0,0,0.0,0,0.0,3.0,14,"32"" starwind sw-led32bg200",0.0,0.0,0.0,0.0,0,0,4.3,9390.0,0.0,0.0,0.0,0.0,0,0,0.0,6,0.0,0.0,0.0,0,0.0,0.0,0.0,0.0,0.0,0.0
0,0,0.0,0,0.0,0.0,14,"32"" polarline 32pl53tc-sm",0.0,0.0,0.0,0.0,0,0,0.0,13010.0,0.0,0.0,0.0,0.0,0,0,0.0,6,0.0,0.0,0.0,0,0.0,0.0,0.0,0.0,0.0,0.0
0,0,0.0,0,0.0,1.0,14,"65"" philips 65pus8507/60",0.0,0.0,0.0,0.0,0,0,5.0,89990.0,0.0,0.0,0.0,0.0,0,0,0.0,6,0.0,0.0,0.0,0,0.0,0.0,0.0,0.0,0.0,0.0
0,0,0.0,0,0.0,0.0,14,"32"" grundig 32ggh6900b",0.0,0.0,0.0,0.0,0,0,0.0,24990.0,0.0,0.0,0.0,0.0,0,0,0.0,6,0.0,0.0,0.0,0,0.0,0.0,0.0,0.0,0.0,0.0
0,0,0.0,0,0.0,2.0,14,"32"" sunwind sun-led32xs311",0.0,0.0,0.0,0.0,0,0,5.0,11390.0,0.0,0.0,0.0,0.0,0,0,0.0,6,0.0,0.0,0.0,0,0.0,0.0,0.0,0.0,0.0,0.0
0,0,0.0,0,0.0,1.0,3,"43"" samsung ue43bu8000uxce",8.1,0.0,0.0,0.0,0,4,5.0,44990.0,1.0,0.0,12.0,0.0,0,0,0.0,6,0.0,0.0,1.0,0,1.0,0.0,0.0,1.0,0.0,0.0
0,0,0.0,0,0.0,0.0,14,"50"" lg 50uq80006lb.adkg",0.0,0.0,0.0,0.0,0,0,0.0,47990.0,0.0,0.0,0.0,0.0,0,0,0.0,6,0.0,0.0,0.0,0,0.0,0.0,0.0,0.0,0.0,0.0
0,0,0.0,0,0.0,0.0,14,"43"" grundig 43gfu7800b",0.0,0.0,0.0,0.0,0,0,0.0,39990.0,0.0,0.0,0.0,0.0,0,0,0.0,6,0.0,0.0,0.0,0,0.0,0.0,0.0,0.0,0.0,0.0
0,0,0.0,0,0.0,2.0,14,"32"" hyundai h-led32bs5001",0.0,0.0,0.0,0.0,0,0,5.0,10500.0,0.0,0.0,0.0,0.0,0,0,0.0,6,0.0,0.0,0.0,0,0.0,0.0,0.0,0.0,0.0,0.0
0,0,0.0,0,0.0,6.0,14,"43"" polarline 43pu11tc-sm",0.0,0.0,0.0,0.0,0,0,5.0,20070.0,0.0,0.0,0.0,0.0,0,0,0.0,6,0.0,0.0,0.0,0,0.0,0.0,0.0,0.0,0.0,0.0
0,0,0.0,0,0.0,0.0,14,"28"" lg 28ln525v-pz.arub",0.0,0.0,0.0,0.0,0,0,0.0,15990.0,0.0,0.0,0.0,0.0,0,0,0.0,6,0.0,0.0,0.0,0,0.0,0.0,0.0,0.0,0.0,0.0
0,0,0.0,0,0.0,1.0,14,"65"" samsung qe65qn85bauxce",0.0,0.0,0.0,0.0,0,0,5.0,149999.0,0.0,0.0,0.0,0.0,0,0,0.0,6,0.0,0.0,0.0,0,0.0,0.0,0.0,0.0,0.0,0.0
0,0,0.0,0,0.0,1.0,14,"43"" hyundai h-led43bs5001",0.0,0.0,0.0,0.0,0,0,5.0,16800.0,0.0,0.0,0.0,0.0,0,0,0.0,6,0.0,0.0,0.0,0,0.0,0.0,0.0,0.0,0.0,0.0
0,0,0.0,0,0.0,0.0,14,"50"" samsung ue50bu8500uxce",0.0,0.0,0.0,0.0,0,0,0.0,59990.0,0.0,0.0,0.0,0.0,0,0,0.0,6,0.0,0.0,0.0,0,0.0,0.0,0.0,0.0,0.0,0.0
0,0,0.0,0,0.0,10.0,14,"24"" polarline 24pl12tc",0.0,0.0,0.0,0.0,0,0,4.6,9190.0,0.0,0.0,0.0,0.0,0,0,0.0,6,0.0,0.0,0.0,0,0.0,0.0,0.0,0.0,0.0,0.0
0,0,0.0,0,0.0,13.0,14,"43"" lg 43up75006lf",0.0,0.0,0.0,0.0,0,0,4.5,38990.0,0.0,0.0,0.0,0.0,0,0,0.0,6,0.0,0.0,0.0,0,0.0,0.0,0.0,0.0,0.0,0.0
0,0,0.0,0,0.0,0.0,14,"75"" samsung ue75bu8000uxce",0.0,0.0,0.0,0.0,0,0,0.0,119990.0,0.0,0.0,0.0,0.0,0,0,0.0,6,0.0,0.0,0.0,0,0.0,0.0,0.0,0.0,0.0,0.0
0,0,0.0,0,0.0,4.0,14,"55"" lg 55uq76003ld.adkg",0.0,0.0,0.0,0.0,0,0,5.0,49990.0,0.0,0.0,0.0,0.0,0,0,0.0,6,0.0,0.0,0.0,0,0.0,0.0,0.0,0.0,0.0,0.0
0,0,0.0,0,0.0,2.0,14,"65"" samsung ue65bu8000uxce",0.0,0.0,0.0,0.0,0,0,4.5,89990.0,0.0,0.0,0.0,0.0,0,0,0.0,6,0.0,0.0,0.0,0,0.0,0.0,0.0,0.0,0.0,0.0
0,0,0.0,0,0.0,1.0,14,"40"" bbk 40lex-7202/fts2c",0.0,0.0,0.0,0.0,0,0,5.0,14490.0,0.0,0.0,0.0,0.0,0,0,0.0,6,0.0,0.0,0.0,0,0.0,0.0,0.0,0.0,0.0,0.0
0,0,0.0,0,0.0,0.0,14,"40"" bbk 40lem-1002/fts2c",0.0,0.0,0.0,0.0,0,0,0.0,12490.0,0.0,0.0,0.0,0.0,0,0,0.0,6,0.0,0.0,0.0,0,0.0,0.0,0.0,0.0,0.0,0.0
0,8,0.0,0,0.0,11.0,12,"24"" bbk 24lex-7290/ts2c",0.0,0.0,1.0,0.0,0,0,4.7,9490.0,1.0,0.0,12.0,0.0,0,0,0.0,6,0.0,0.0,1.0,0,0.0,0.0,0.0,0.0,0.0,0.0
0,8,0.0,0,0.0,2.0,3,"55"" yuno ulx-55utcs3234",0.0,0.0,1.0,0.0,0,4,4.0,24390.0,1.0,0.0,12.0,1.0,0,0,0.0,6,0.0,1.0,0.0,0,0.0,0.0,0.0,0.0,0.0,0.0
0,0,0.0,0,0.0,0.0,14,"31.5"" telefunken tf-led32s02t2\h",0.0,0.0,0.0,0.0,0,0,0.0,8190.0,0.0,0.0,0.0,0.0,0,0,0.0,6,0.0,0.0,0.0,0,0.0,0.0,0.0,0.0,0.0,0.0
0,0,0.0,0,0.0,2.0,14,"50"" kivi 50u750nb",0.0,0.0,0.0,0.0,0,0,4.5,32990.0,0.0,0.0,0.0,0.0,0,0,0.0,6,0.0,0.0,0.0,0,0.0,0.0,0.0,0.0,0.0,0.0
0,0,0.0,0,0.0,0.0,14,"65"" grundig 65ggu7900b",0.0,0.0,0.0,0.0,0,0,0.0,86990.0,0.0,0.0,0.0,0.0,0,0,0.0,6,0.0,0.0,0.0,0,0.0,0.0,0.0,0.0,0.0,0.0
0,0,0.0,0,0.0,1.0,14,"32"" kivi 32f750nb",0.0,0.0,0.0,0.0,0,0,5.0,17990.0,0.0,0.0,0.0,0.0,0,0,0.0,6,0.0,0.0,0.0,0,0.0,0.0,0.0,0.0,0.0,0.0
0,0,0.0,0,0.0,0.0,3,"55"" bbk 55lex-8387/uts2c",0.0,0.0,0.0,0.0,0,0,0.0,25990.0,0.0,0.0,12.0,0.0,0,0,0.0,6,0.0,0.0,0.0,0,0.0,0.0,0.0,0.0,0.0,0.0
0,0,0.0,0,0.0,2.0,9,"65"" haier smart tv s3",16.0,0.0,0.0,0.0,0,0,5.0,54990.0,0.0,0.0,12.0,0.0,0,0,0.0,6,0.0,0.0,0.0,0,0.0,0.0,0.0,0.0,0.0,0.0
0,1,0.0,0,0.0,2.0,8,"43"" kivi 43f750nb",0.0,0.0,1.0,0.0,0,4,4.5,22990.0,1.0,0.0,12.0,0.0,0,0,0.0,6,0.0,0.0,1.0,0,0.0,0.0,8.0,0.0,0.0,0.0
0,0,0.0,0,0.0,1.0,14,"65"" grundig 65ggu8960",0.0,0.0,0.0,0.0,0,0,5.0,84990.0,0.0,0.0,0.0,0.0,0,0,0.0,6,0.0,0.0,0.0,0,0.0,0.0,0.0,0.0,0.0,0.0
0,0,0.0,0,0.0,1.0,3,"55"" samsung ue55bu8500uxce",14.7,0.0,0.0,0.0,0,4,5.0,86990.0,1.0,0.0,12.0,0.0,0,0,0.0,6,0.0,0.0,1.0,0,1.0,0.0,0.0,0.0,0.0,0.0
0,0,0.0,0,0.0,1.0,3,"55"" samsung ue55bu8000uxce",14.7,0.0,0.0,0.0,0,4,4.0,69990.0,1.0,0.0,12.0,0.0,0,0,0.0,6,0.0,0.0,1.0,0,1.0,0.0,0.0,1.0,0.0,0.0
0,0,0.0,0,0.0,0.0,14,"65"" samsung qe65q70bauxce",0.0,0.0,0.0,0.0,0,0,0.0,153590.0,0.0,0.0,0.0,0.0,0,0,0.0,6,0.0,0.0,0.0,0,0.0,0.0,0.0,0.0,0.0,0.0
0,0,0.0,0,0.0,0.0,14,"55"" lg 55up81006la.adgg",0.0,0.0,0.0,0.0,0,0,0.0,47990.0,0.0,0.0,0.0,0.0,0,0,0.0,6,0.0,0.0,0.0,0,0.0,0.0,0.0,0.0,0.0,0.0
0,0,0.0,0,0.0,0.0,14,"42"" telefunken tf-led42s14t2s(черный)\y\h",0.0,0.0,0.0,0.0,0,0,0.0,17950.0,0.0,0.0,0.0,0.0,0,0,0.0,6,0.0,0.0,0.0,0,0.0,0.0,0.0,0.0,0.0,0.0
0,0,0.0,0,0.0,0.0,14,"85"" samsung qe85q60bauxce",0.0,0.0,0.0,0.0,0,0,0.0,209990.0,0.0,0.0,0.0,0.0,0,0,0.0,6,0.0,0.0,0.0,0,0.0,0.0,0.0,0.0,0.0,0.0
0,0,0.0,0,0.0,2.0,14,"65"" samsung ue65bu8500uxce",0.0,0.0,0.0,0.0,0,0,5.0,90760.0,0.0,0.0,0.0,0.0,0,0,0.0,6,0.0,0.0,0.0,0,0.0,0.0,0.0,0.0,0.0,0.0
0,0,0.0,0,0.0,5.0,14,"43"" lg 43uq76003ld.adkg",0.0,0.0,0.0,0.0,0,0,4.8,38990.0,0.0,0.0,0.0,0.0,0,0,0.0,6,0.0,0.0,0.0,0,0.0,0.0,0.0,0.0,0.0,0.0
0,0,0.0,0,0.0,3.0,14,"40"" starwind sw-led40sb304",0.0,0.0,0.0,0.0,0,0,5.0,12940.0,0.0,0.0,0.0,0.0,0,0,0.0,6,0.0,0.0,0.0,0,0.0,0.0,0.0,0.0,0.0,0.0
0,0,0.0,0,0.0,5.0,3,"32"" starwind sw-led32sg300",3.8,0.0,0.0,0.0,0,0,5.0,11590.0,0.0,0.0,12.0,0.0,0,0,0.0,6,0.0,0.0,0.0,0,0.0,0.0,0.0,0.0,0.0,0.0
0,0,0.0,0,0.0,1.0,14,"65"" hisense 65a85h",0.0,0.0,0.0,0.0,0,0,5.0,174990.0,0.0,0.0,0.0,0.0,0,0,0.0,6,0.0,0.0,0.0,0,0.0,0.0,0.0,0.0,0.0,0.0
0,0,0.0,0,0.0,1.0,14,"23.6"" telefunken tf-led24s15t2\h",0.0,0.0,0.0,0.0,0,0,5.0,8060.0,0.0,0.0,0.0,0.0,0,0,0.0,6,0.0,0.0,0.0,0,0.0,0.0,0.0,0.0,0.0,0.0
0,0,0.0,0,0.0,2.0,14,"43"" starwind sw-led43ub404",0.0,0.0,0.0,0.0,0,0,5.0,16230.0,0.0,0.0,0.0,0.0,0,0,0.0,6,0.0,0.0,0.0,0,0.0,0.0,0.0,0.0,0.0,0.0
0,0,0.0,0,0.0,12.0,14,"65"" hyundai h-led65fu7002",0.0,0.0,0.0,0.0,0,0,4.1,60550.0,0.0,0.0,0.0,0.0,0,0,0.0,6,0.0,0.0,0.0,0,0.0,0.0,0.0,0.0,0.0,0.0
0,0,0.0,0,0.0,4.0,14,"40"" hyundai h-led40bs5002",0.0,0.0,0.0,0.0,0,0,5.0,20990.0,0.0,0.0,0.0,0.0,0,0,0.0,6,0.0,0.0,0.0,0,0.0,0.0,0.0,0.0,0.0,0.0
0,0,0.0,0,0.0,1.0,3,"43"" samsung ue43bu8500uxce",8.1,0.0,0.0,0.0,0,0,4.0,60190.0,0.0,0.0,12.0,0.0,0,0,0.0,6,0.0,0.0,0.0,0,0.0,0.0,0.0,0.0,0.0,0.0
0,0,0.0,0,0.0,1.0,0,"24"" kivi 24h750nb",0.0,0.0,0.0,0.0,0,0,5.0,14990.0,0.0,0.0,12.0,0.0,0,0,0.0,6,0.0,0.0,0.0,0,0.0,0.0,0.0,0.0,0.0,0.0
0,0,0.0,0,0.0,3.0,14,"43"" starwind sw-led43ug400",0.0,0.0,0.0,0.0,0,0,4.7,19190.0,0.0,0.0,0.0,0.0,0,0,0.0,6,0.0,0.0,0.0,0,0.0,0.0,0.0,0.0,0.0,0.0
0,4,0.0,0,0.0,0.0,11,"75"" samsung qe75q60bauxce",41.5,0.0,0.0,0.0,0,0,0.0,164990.0,1.0,0.0,12.0,0.0,0,0,0.0,6,0.0,0.0,1.0,0,1.0,0.0,0.0,1.0,0.0,1.0
0,0,0.0,0,0.0,1.0,14,"24"" digma dm-led24sbb31",0.0,0.0,0.0,0.0,0,0,5.0,9090.0,0.0,0.0,0.0,0.0,0,0,0.0,6,0.0,0.0,0.0,0,0.0,0.0,0.0,0.0,0.0,0.0
0,0,0.0,0,0.0,1.0,3,"40"" digma dm-led40sbb31",9.2,0.0,1.0,0.0,0,0,4.0,15490.0,0.0,0.0,12.0,0.0,0,0,0.0,6,0.0,0.0,0.0,0,0.0,0.0,0.0,0.0,0.0,0.0
0,0,0.0,0,0.0,1.0,14,"31.5"" telefunken tf-led32s73t2s\h",0.0,0.0,0.0,0.0,0,0,5.0,11460.0,0.0,0.0,0.0,0.0,0,0,0.0,6,0.0,0.0,0.0,0,0.0,0.0,0.0,0.0,0.0,0.0
0,0,0.0,0,0.0,0.0,14,"65"" samsung qe65qn95bauxce",0.0,0.0,0.0,0.0,0,0,0.0,229990.0,0.0,0.0,0.0,0.0,0,0,0.0,6,0.0,0.0,0.0,0,0.0,0.0,0.0,0.0,0.0,0.0
0,0,0.0,0,0.0,0.0,14,"50"" lg 50nano769qa.adkg",0.0,0.0,0.0,0.0,0,0,0.0,59990.0,0.0,0.0,0.0,0.0,0,0,0.0,6,0.0,0.0,0.0,0,0.0,0.0,0.0,0.0,0.0,0.0
0,0,0.0,0,0.0,8.0,14,"43"" lg 43up76006lc.aru",0.0,0.0,0.0,0.0,0,0,4.8,37990.0,0.0,0.0,0.0,0.0,0,0,0.0,6,0.0,0.0,0.0,0,0.0,0.0,0.0,0.0,0.0,0.0
20,4,0.0,0,0.0,0.0,10,"75"" samsung qe75qn90bauxce",35.0,0.0,0.0,0.0,0,0,0.0,299990.0,1.0,0.0,12.0,0.0,0,0,1.0,6,0.0,0.0,1.0,0,1.0,0.0,0.0,1.0,0.0,1.0
0,0,0.0,0,0.0,3.0,14,"50"" lg 50uq76003ld.adkg",0.0,0.0,0.0,0.0,0,0,5.0,49770.0,0.0,0.0,0.0,0.0,0,0,0.0,6,0.0,0.0,0.0,0,0.0,0.0,0.0,0.0,0.0,0.0
0,0,0.0,0,0.0,0.0,14,"24"" erisson 24lm8000ct2",0.0,0.0,0.0,0.0,0,0,0.0,6790.0,0.0,0.0,0.0,0.0,0,0,0.0,6,0.0,0.0,0.0,0,0.0,0.0,0.0,0.0,0.0,0.0
0,0,0.0,0,0.0,1.0,14,"55"" grundig 55ggu7900b",0.0,0.0,0.0,0.0,0,0,1.0,56990.0,0.0,0.0,0.0,0.0,0,0,0.0,6,0.0,0.0,0.0,0,0.0,0.0,0.0,0.0,0.0,0.0
0,0,0.0,0,0.0,14.0,14,"32"" hyundai h-led32fs5004",0.0,0.0,0.0,0.0,0,0,3.9,20180.0,0.0,0.0,0.0,0.0,0,0,0.0,6,0.0,0.0,0.0,0,0.0,0.0,0.0,0.0,0.0,0.0
0,0,0.0,0,0.0,1.0,12,"23.6"" bbk 24lex-7204/ts2c (b)",0.0,0.0,0.0,0.0,0,0,5.0,8900.0,0.0,0.0,12.0,0.0,0,0,0.0,6,0.0,0.0,0.0,0,0.0,0.0,0.0,0.0,0.0,0.0
0,0,0.0,0,0.0,1.0,14,"75"" samsung qe75q70bauxce",0.0,0.0,0.0,0.0,0,0,5.0,189990.0,0.0,0.0,0.0,0.0,0,0,0.0,6,0.0,0.0,0.0,0,0.0,0.0,0.0,0.0,0.0,0.0
0,0,0.0,0,0.0,0.0,14,"48"" lg oled48a2rla.adkg",0.0,0.0,0.0,0.0,0,0,0.0,87990.0,0.0,0.0,0.0,0.0,0,0,0.0,6,0.0,0.0,0.0,0,0.0,0.0,0.0,0.0,0.0,0.0
0,0,0.0,0,0.0,0.0,14,"24"" starwind sw-led24sg304",0.0,0.0,0.0,0.0,0,0,0.0,8690.0,0.0,0.0,0.0,0.0,0,0,0.0,6,0.0,0.0,0.0,0,0.0,0.0,0.0,0.0,0.0,0.0
0,0,0.0,0,0.0,1.0,14,"50"" grundig 50ggu7900b",0.0,0.0,0.0,0.0,0,0,5.0,51990.0,0.0,0.0,0.0,0.0,0,0,0.0,6,0.0,0.0,0.0,0,0.0,0.0,0.0,0.0,0.0,0.0
0,0,0.0,0,0.0,0.0,14,"65"" samsung qe65qn90bauxce",0.0,0.0,0.0,0.0,0,0,0.0,199990.0,0.0,0.0,0.0,0.0,0,0,0.0,6,0.0,0.0,0.0,0,0.0,0.0,0.0,0.0,0.0,0.0
0,0,0.0,0,0.0,0.0,14,"65"" lg 65qned816ra.arub",0.0,0.0,0.0,0.0,0,0,0.0,127990.0,0.0,0.0,0.0,0.0,0,0,0.0,6,0.0,0.0,0.0,0,0.0,0.0,0.0,0.0,0.0,0.0
0,0,0.0,0,0.0,1.0,14,"43"" hyundai h-led43bu7000",0.0,0.0,0.0,0.0,0,0,5.0,18900.0,0.0,0.0,0.0,0.0,0,0,0.0,6,0.0,0.0,0.0,0,0.0,0.0,0.0,0.0,0.0,0.0
0,0,0.0,0,0.0,0.0,14,"43"" grundig 43ggf6900b",0.0,0.0,0.0,0.0,0,0,0.0,31990.0,0.0,0.0,0.0,0.0,0,0,0.0,6,0.0,0.0,0.0,0,0.0,0.0,0.0,0.0,0.0,0.0
0,0,0.0,0,0.0,11.0,14,"32"" hyundai h-led32fs5006",0.0,0.0,0.0,0.0,0,0,4.4,11480.0,0.0,0.0,0.0,0.0,0,0,0.0,6,0.0,0.0,0.0,0,0.0,0.0,0.0,0.0,0.0,0.0
0,0,0.0,0,0.0,0.0,14,"65"" lg 65nano896pc.aru",0.0,0.0,0.0,0.0,0,0,0.0,79990.0,0.0,0.0,0.0,0.0,0,0,0.0,6,0.0,0.0,0.0,0,0.0,0.0,0.0,0.0,0.0,0.0
0,0,0.0,0,0.0,1.0,14,"32"" hyundai h-led32bs5002",0.0,0.0,0.0,0.0,0,0,5.0,13990.0,0.0,0.0,0.0,0.0,0,0,0.0,6,0.0,0.0,0.0,0,0.0,0.0,0.0,0.0,0.0,0.0
0,0,0.0,0,0.0,3.0,14,"32"" digma dm-led32sbb31",0.0,0.0,0.0,0.0,0,0,5.0,11790.0,0.0,0.0,0.0,0.0,0,0,0.0,6,0.0,0.0,0.0,0,0.0,0.0,0.0,0.0,0.0,0.0
0,0,0.0,0,0.0,0.0,14,"55"" lg 55uq80006lb.adkg",0.0,0.0,0.0,0.0,0,0,0.0,67950.0,0.0,0.0,0.0,0.0,0,0,0.0,6,0.0,0.0,0.0,0,0.0,0.0,0.0,0.0,0.0,0.0
0,0,0.0,0,0.0,3.0,14,"65"" kivi 65u750nb",0.0,0.0,0.0,0.0,0,0,5.0,54990.0,0.0,0.0,0.0,0.0,0,0,0.0,6,0.0,0.0,0.0,0,0.0,0.0,0.0,0.0,0.0,0.0
0,0,0.0,0,0.0,1.0,14,"43"" hyundai h-led43bu7006",0.0,0.0,0.0,0.0,0,0,5.0,24990.0,0.0,0.0,0.0,0.0,0,0,0.0,6,0.0,0.0,0.0,0,0.0,0.0,0.0,0.0,0.0,0.0
0,0,0.0,0,0.0,6.0,14,"55"" lg 55uq81009lc.adkb",0.0,0.0,0.0,0.0,0,0,4.8,57990.0,0.0,0.0,0.0,0.0,0,0,0.0,6,0.0,0.0,0.0,0,0.0,0.0,0.0,0.0,0.0,0.0
0,0,0.0,0,0.0,1.0,14,"43"" lg 43uq81009lc.adgg",0.0,0.0,0.0,0.0,0,0,5.0,37990.0,0.0,0.0,0.0,0.0,0,0,0.0,6,0.0,0.0,0.0,0,0.0,0.0,0.0,0.0,0.0,0.0
0,0,0.0,0,0.0,3.0,14,"55"" grundig 55ggu8960",0.0,0.0,0.0,0.0,0,0,5.0,64990.0,0.0,0.0,0.0,0.0,0,0,0.0,6,0.0,0.0,0.0,0,0.0,0.0,0.0,0.0,0.0,0.0
0,0,0.0,0,0.0,0.0,14,"65"" samsung qe65q80bauxce",0.0,0.0,0.0,0.0,0,0,0.0,217590.0,0.0,0.0,0.0,0.0,0,0,0.0,6,0.0,0.0,0.0,0,0.0,0.0,0.0,0.0,0.0,0.0
0,0,0.0,0,0.0,0.0,9,"70"" samsung ue70au7100uxce",24.8,8.0,0.0,0.0,1,0,0.0,108990.0,1.0,0.0,12.0,1.0,13,3,0.0,3,0.0,1.0,1.0,0,1.0,178.0,0.0,1.0,60.0,1.0
0,0,0.0,0,0.0,2.0,14,"50"" samsung qe50qn90bauxce",0.0,0.0,0.0,0.0,0,0,5.0,139990.0,0.0,0.0,0.0,0.0,0,0,0.0,6,0.0,0.0,0.0,0,0.0,0.0,0.0,0.0,0.0,0.0
0,0,0.0,0,0.0,0.0,14,"55"" samsung qe55q80bauxce",0.0,0.0,0.0,0.0,0,0,0.0,119990.0,0.0,0.0,0.0,0.0,0,0,0.0,6,0.0,0.0,0.0,0,0.0,0.0,0.0,0.0,0.0,0.0
0,0,0.0,0,0.0,0.0,3,"55"" samsung ue55bu8500uxce",14.7,0.0,0.0,0.0,0,4,0.0,65900.0,1.0,0.0,12.0,0.0,0,0,0.0,6,0.0,0.0,1.0,0,1.0,0.0,0.0,0.0,0.0,0.0
0,0,0.0,0,0.0,1.0,14,"50"" lg 50up77006lb.adgg",0.0,0.0,0.0,0.0,0,0,5.0,41590.0,0.0,0.0,0.0,0.0,0,0,0.0,6,0.0,0.0,0.0,0,0.0,0.0,0.0,0.0,0.0,0.0
0,0,0.0,0,0.0,1.0,14,"50"" lg 50uq76003ld",0.0,0.0,0.0,0.0,0,0,5.0,49990.0,0.0,0.0,0.0,0.0,0,0,0.0,6,0.0,0.0,0.0,0,0.0,0.0,0.0,0.0,0.0,0.0
0,0,0.0,0,0.0,0.0,14,"75"" samsung qe75qn85bauxce",0.0,0.0,0.0,0.0,0,0,0.0,249990.0,0.0,0.0,0.0,0.0,0,0,0.0,6,0.0,0.0,0.0,0,0.0,0.0,0.0,0.0,0.0,0.0
0,0,0.0,0,0.0,1.0,9,"65"" samsung qe65ls03bauxce",22.4,0.0,0.0,0.0,0,0,5.0,152990.0,0.0,0.0,12.0,0.0,0,0,0.0,6,0.0,0.0,0.0,0,0.0,0.0,0.0,0.0,0.0,0.0
0,0,0.0,0,0.0,0.0,14,"50"" yuno ulx-50utcs3234",0.0,0.0,0.0,0.0,0,0,0.0,22990.0,0.0,0.0,0.0,0.0,0,0,0.0,6,0.0,0.0,0.0,0,0.0,0.0,0.0,0.0,0.0,0.0
0,0,0.0,0,0.0,0.0,14,"43"" умный яндекс с алисой yndx-00071",0.0,0.0,0.0,0.0,0,0,0.0,24990.0,0.0,0.0,0.0,0.0,0,0,0.0,6,0.0,0.0,0.0,0,0.0,0.0,0.0,0.0,0.0,0.0
0,0,0.0,4,0.0,1.0,3,"43"" lg 43uq80006lb.adkg",9.0,0.0,0.0,0.0,0,0,5.0,41990.0,0.0,0.0,12.0,0.0,0,0,0.0,6,0.0,0.0,0.0,0,0.0,0.0,0.0,0.0,0.0,0.0
0,0,0.0,0,0.0,6.0,14,"65"" starwind sw-led65ug403",0.0,0.0,0.0,0.0,0,0,4.3,41090.0,0.0,0.0,0.0,0.0,0,0,0.0,6,0.0,0.0,0.0,0,0.0,0.0,0.0,0.0,0.0,0.0
0,0,0.0,0,0.0,0.0,14,"40"" bq 4002b",0.0,0.0,0.0,0.0,0,0,0.0,12490.0,0.0,0.0,0.0,0.0,0,0,0.0,6,0.0,0.0,0.0,0,0.0,0.0,0.0,0.0,0.0,0.0
0,0,0.0,0,0.0,2.0,14,"40"" kivi 40f740nb",0.0,0.0,0.0,0.0,0,0,5.0,21990.0,0.0,0.0,0.0,0.0,0,0,0.0,6,0.0,0.0,0.0,0,0.0,0.0,0.0,0.0,0.0,0.0
0,0,0.0,0,0.0,0.0,14,"43"" supra stv-lc43st0155fsb.",0.0,0.0,0.0,0.0,0,0,0.0,17260.0,0.0,0.0,0.0,0.0,0,0,0.0,6,0.0,0.0,0.0,0,0.0,0.0,0.0,0.0,0.0,0.0
0,0,1.0,0,0.0,3.0,3,"43"" digma dm-led43mbb21",9.2,0.0,1.0,0.0,0,0,4.7,14390.0,0.0,0.0,12.0,1.0,0,0,0.0,6,1.0,0.0,0.0,0,0.0,0.0,0.0,1.0,0.0,1.0
0,0,0.0,0,0.0,0.0,14,"50"" bq 50su03b",0.0,0.0,0.0,0.0,0,0,0.0,22990.0,0.0,0.0,0.0,0.0,0,0,0.0,6,0.0,0.0,0.0,0,0.0,0.0,0.0,0.0,0.0,0.0
0,0,0.0,0,0.0,0.0,14,"75"" samsung qe75q80bauxce",0.0,0.0,0.0,0.0,0,0,0.0,249990.0,0.0,0.0,0.0,0.0,0,0,0.0,6,0.0,0.0,0.0,0,0.0,0.0,0.0,0.0,0.0,0.0
0,0,0.0,0,0.0,0.0,11,"85"" samsung qe85q70bauxce",43.8,0.0,0.0,0.0,0,4,0.0,274999.0,1.0,0.0,12.0,0.0,0,0,0.0,6,0.0,1.0,1.0,0,1.0,0.0,0.0,0.0,0.0,0.0
0,0,0.0,0,0.0,0.0,0,"43"" philips 43pfs6808/60",6.3,0.0,1.0,0.0,0,0,0.0,20990.0,0.0,0.0,12.0,0.0,0,0,0.0,6,0.0,0.0,0.0,0,0.0,0.0,0.0,0.0,0.0,0.0
0,0,0.0,0,0.0,1.0,14,"43"" polarline 43pl51stc-sm",0.0,0.0,0.0,0.0,0,0,3.0,18940.0,0.0,0.0,12.0,0.0,0,0,0.0,6,0.0,0.0,0.0,0,0.0,0.0,0.0,0.0,0.0,0.0
0,0,0.0,0,0.0,0.0,14,"65"" samsung qe65qn900auxru",0.0,0.0,0.0,0.0,0,0,0.0,299990.0,0.0,0.0,0.0,0.0,0,0,0.0,6,0.0,0.0,0.0,0,0.0,0.0,0.0,0.0,0.0,0.0
0,8,1.0,0,0.0,0.0,2,"24"" starwind sw-led24sg312",2.9,8.5,1.0,200.0,1,4,0.0,8990.0,1.0,1.0,12.0,1.0,2,1,0.0,3,0.0,0.0,1.0,3000,1.0,61.0,8.0,0.0,60.0,0.0
0,0,1.0,0,0.0,0.0,0,"24"" digma dm-led24mbb21",3.25,8.5,1.0,200.0,1,4,0.0,7690.0,0.0,0.0,12.0,1.0,2,1,0.0,3,1.0,0.0,0.0,3000,0.0,61.0,0.0,1.0,60.0,1.0
0,0,0.0,0,0.0,0.0,9,"65"" xiaomi mi tv q2 65",18.2,0.0,1.0,0.0,0,4,0.0,78480.0,1.0,2.0,12.0,0.0,0,0,0.0,6,0.0,0.0,1.0,0,0.0,0.0,16.0,0.0,0.0,0.0
0,0,0.0,0,0.0,0.0,14,"86"" xiaomi mi tv 86 max c",0.0,0.0,0.0,0.0,0,0,0.0,0.0,0.0,0.0,0.0,0.0,0,0,0.0,6,0.0,0.0,0.0,0,0.0,0.0,0.0,0.0,0.0,0.0
0,0,0.0,0,0.0,0.0,3,"55"" xiaomi mi tv q2 55",13.43,0.0,1.0,0.0,0,4,0.0,60170.0,1.0,2.0,12.0,0.0,0,0,0.0,6,0.0,0.0,1.0,0,0.0,0.0,16.0,0.0,0.0,0.0
0,0,0.0,12,0.0,0.0,7,"65"" lg 65qned806qa.aru",24.5,0.0,0.0,0.0,0,4,0.0,86370.0,1.0,0.0,12.0,0.0,0,0,0.0,6,0.0,0.0,1.0,0,1.0,0.0,0.0,1.0,0.0,1.0
0,6,0.0,3,0.0,0.0,7,"55"" lg 55qned829qb.aru",0.0,0.0,0.0,0.0,0,4,0.0,88380.0,1.0,0.0,12.0,0.0,0,0,0.0,6,0.0,1.0,1.0,0,1.0,0.0,0.0,1.0,0.0,1.0
0,0,0.0,0,0.0,0.0,14,0,0.0,0.0,0.0,0.0,0,0,0.0,42250.0,1.0,0.0,12.0,0.0,0,0,0.0,6,0.0,0.0,0.0,0,0.0,0.0,0.0,0.0,0.0,0.0
0,0,0.0,0,0.0,0.0,14,0,0.0,0.0,0.0,0.0,0,0,0.0,42110.0,1.0,0.0,12.0,0.0,0,0,0.0,6,0.0,0.0,0.0,0,0.0,0.0,0.0,0.0,0.0,0.0
0,0,0.0,9,0.0,0.0,11,"86"" lg 86ur81006la.arub",45.2,0.0,0.0,0.0,0,0,0.0,249990.0,0.0,0.0,12.0,0.0,0,0,0.0,6,0.0,0.0,0.0,0,0.0,0.0,0.0,0.0,0.0,0.0
0,6,0.0,0,0.0,0.0,11,"86"" lg 86ur78006lb.arub",45.2,0.0,0.0,0.0,0,0,0.0,229990.0,1.0,0.0,12.0,0.0,0,0,0.0,6,0.0,1.0,1.0,0,0.0,0.0,0.0,0.0,0.0,1.0
0,0,0.0,0,0.0,0.0,14,"55"" samsung qe55qn85cauxru",0.0,0.0,0.0,0.0,0,0,0.0,179990.0,0.0,0.0,0.0,0.0,0,0,0.0,6,0.0,0.0,0.0,0,0.0,0.0,0.0,0.0,0.0,0.0
0,0,0.0,0,0.0,0.0,14,"55"" samsung ue55cu7100uxru",0.0,0.0,0.0,0.0,0,0,0.0,58990.0,0.0,0.0,0.0,0.0,0,0,0.0,6,0.0,0.0,0.0,0,0.0,0.0,0.0,0.0,0.0,0.0
0,0,0.0,0,0.0,0.0,14,"55"" samsung ue55cu8000uxru",0.0,0.0,0.0,0.0,0,0,0.0,73990.0,0.0,0.0,0.0,0.0,0,0,0.0,6,0.0,0.0,0.0,0,0.0,0.0,0.0,0.0,0.0,0.0
0,4,0.0,0,0.0,0.0,3,"50"" samsung ue50cu7100uxru",10.9,0.0,0.0,0.0,0,4,0.0,52990.0,1.0,0.0,12.0,0.0,0,0,0.0,6,0.0,0.0,1.0,0,1.0,0.0,0.0,1.0,0.0,0.0
0,4,0.0,0,0.0,0.0,9,"65"" samsung qe65q60cauxru",20.9,0.0,0.0,0.0,0,0,0.0,124990.0,1.0,0.0,12.0,0.0,0,0,0.0,6,0.0,0.0,1.0,0,1.0,0.0,0.0,1.0,0.0,0.0
0,4,0.0,0,0.0,0.0,3,"50"" samsung qe50q60cauxru",11.5,0.0,0.0,0.0,0,4,0.0,84990.0,1.0,0.0,12.0,0.0,0,0,0.0,6,0.0,0.0,1.0,0,1.0,0.0,0.0,1.0,0.0,0.0
0,0,0.0,0,0.0,0.0,3,"43"" samsung ue43cu8000uxru",8.1,0.0,0.0,0.0,0,0,0.0,49990.0,0.0,0.0,12.0,0.0,0,0,0.0,6,0.0,0.0,0.0,0,0.0,0.0,0.0,0.0,0.0,0.0
20,4,0.0,16,0.0,0.0,9,"65"" samsung qe65qn85cauxru",24.2,0.0,0.0,0.0,0,1,0.0,244990.0,1.0,0.0,12.0,0.0,0,0,1.0,6,0.0,1.0,1.0,0,1.0,0.0,0.0,1.0,0.0,0.0
0,0,0.0,0,0.0,0.0,14,"75"" samsung ue75cu8000uxru",0.0,0.0,0.0,0.0,0,0,0.0,144990.0,0.0,0.0,0.0,0.0,0,0,0.0,6,0.0,0.0,0.0,0,0.0,0.0,0.0,0.0,0.0,0.0
0,0,0.0,0,0.0,0.0,14,"43"" samsung ue43cu7100uxru",0.0,0.0,0.0,0.0,0,0,0.0,39990.0,0.0,0.0,0.0,0.0,0,0,0.0,6,0.0,0.0,0.0,0,0.0,0.0,0.0,0.0,0.0,0.0
0,0,0.0,0,0.0,0.0,14,"65"" samsung ue65cu7100uxru",0.0,0.0,0.0,0.0,0,0,0.0,79990.0,0.0,0.0,0.0,0.0,0,0,0.0,6,0.0,0.0,0.0,0,0.0,0.0,0.0,0.0,0.0,0.0
0,0,0.0,0,0.0,0.0,10,"75"" samsung ue75cu7100uxru",30.4,0.0,0.0,0.0,0,0,0.0,117990.0,0.0,0.0,12.0,0.0,0,0,0.0,6,0.0,0.0,0.0,0,0.0,0.0,0.0,0.0,0.0,0.0
0,4,0.0,0,0.0,0.0,10,"75"" samsung qe75q60cauxru",31.4,0.0,0.0,0.0,0,4,0.0,189990.0,1.0,0.0,12.0,0.0,0,0,0.0,6,0.0,0.0,1.0,0,1.0,0.0,0.0,1.0,0.0,0.0
0,0,0.0,0,0.0,0.0,14,"75"" samsung qe75qn85cauxru",0.0,0.0,0.0,0.0,0,0,0.0,319990.0,0.0,0.0,0.0,0.0,0,0,0.0,6,0.0,0.0,0.0,0,0.0,0.0,0.0,0.0,0.0,0.0
0,0,0.0,0,0.0,0.0,14,"65"" samsung ue65cu8000uxru",0.0,0.0,0.0,0.0,0,0,0.0,102990.0,0.0,0.0,0.0,0.0,0,0,0.0,6,0.0,0.0,0.0,0,0.0,0.0,0.0,0.0,0.0,0.0
0,0,0.0,0,0.0,0.0,14,"75"" xiaomi mi tv q1",0.0,0.0,0.0,0.0,0,0,0.0,149990.0,0.0,0.0,0.0,0.0,0,0,0.0,6,0.0,0.0,0.0,0,0.0,0.0,0.0,0.0,0.0,0.0
0,0,0.0,0,0.0,0.0,3,"50"" samsung ue50au7100uxru",11.4,0.0,0.0,0.0,0,0,0.0,24691.0,1.0,0.0,1.0,1.0,0,0,0.0,6,0.0,1.0,1.0,0,1.0,0.0,0.0,1.0,0.0,1.0
0,1,0.0,0,0.0,0.0,6,"55"" haier h55s9ug pro",17.6,0.0,0.0,0.0,0,0,0.0,124990.0,0.0,1.5,12.0,0.0,0,0,0.0,6,0.0,1.0,0.0,0,0.0,0.0,8.0,0.0,0.0,0.0
0,0,0.0,0,0.0,0.0,14,"55"" maunfeld mqt55usd03",0.0,0.0,0.0,0.0,0,0,0.0,56520.0,0.0,0.0,0.0,0.0,0,0,0.0,6,0.0,0.0,0.0,0,0.0,0.0,0.0,0.0,0.0,0.0
0,1,0.0,0,0.0,0.0,8,"75"" maunfeld mqt75usd03",25.7,6.5,1.0,400.0,1,4,0.0,108710.0,1.0,1.5,12.0,0.0,2,3,0.0,8,0.0,0.0,1.0,5000,0.0,190.0,8.0,1.0,60.0,1.0
0,1,0.0,0,0.0,0.0,6,"65"" maunfeld mqt65usd03",18.86,6.5,1.0,400.0,1,4,0.0,65220.0,1.0,1.5,12.0,0.0,2,3,0.0,8,0.0,0.0,1.0,5000,0.0,165.0,8.0,1.0,60.0,1.0
0,1,0.0,0,0.0,0.0,3,"50"" maunfeld mqt50usd03",9.32,9.5,1.0,350.0,1,4,0.0,54350.0,1.0,1.5,12.0,0.0,2,3,0.0,8,0.0,0.0,1.0,5000,0.0,127.0,8.0,1.0,60.0,1.0
0,1,0.0,0,0.0,0.0,3,"55"" maunfeld mlt55usd02g",11.9,6.5,1.0,280.0,1,4,0.0,49460.0,1.0,1.5,12.0,0.0,2,3,0.0,3,0.0,0.0,1.0,5000,0.0,140.0,8.0,1.0,60.0,1.0
0,0,0.0,0,0.0,0.0,3,"43"" maunfeld mlt43usd02g",6.5,9.5,0.0,200.0,1,4,0.0,29330.0,1.0,1.0,12.0,0.0,2,3,0.0,3,0.0,0.0,1.0,5000,0.0,109.0,8.0,0.0,60.0,0.0
0,0,0.0,0,0.0,0.0,7,"75"" tcl 75с647",0.0,0.0,0.0,0.0,0,4,0.0,99990.0,1.0,2.0,12.0,0.0,0,0,0.0,6,0.0,0.0,1.0,0,1.0,0.0,16.0,0.0,0.0,0.0
0,5,1.0,0,0.0,0.0,14,"100"" hisense laser tv 100l5h",13.7,0.0,0.0,0.0,0,4,0.0,349990.0,1.0,0.0,12.0,0.0,0,0,0.0,6,0.0,0.0,0.0,0,1.0,0.0,0.0,1.0,0.0,1.0
0,1,1.0,0,0.0,0.0,6,"65"" haier h65s9ug pro",23.2,1.0,0.0,1000.0,1,4,0.0,119990.0,1.0,1.5,12.0,0.0,10,3,0.0,7,1.0,1.0,1.0,1000000,1.0,165.0,8.0,0.0,120.0,1.0
0,1,0.0,0,0.0,0.0,7,"65"" telefunken tf-led65s15t2su(черный)\h",0.0,0.0,1.0,0.0,0,4,0.0,43280.0,1.0,1.5,12.0,1.0,0,0,0.0,6,0.0,0.0,0.0,0,0.0,0.0,8.0,1.0,0.0,0.0
0,1,0.0,0,0.0,0.0,7,"55"" telefunken tf-led55s14t2su(черный)\h",0.0,0.0,1.0,0.0,0,4,0.0,28820.0,1.0,1.5,12.0,1.0,0,0,0.0,6,0.0,0.0,0.0,0,0.0,0.0,8.0,1.0,0.0,0.0
0,7,0.0,0,0.0,0.0,3,"40"" supra stv-lc40st0155fsb.",0.0,0.0,1.0,0.0,0,4,0.0,16490.0,1.0,1.0,12.0,0.0,0,0,0.0,6,1.0,0.0,0.0,0,0.0,0.0,8.0,0.0,0.0,1.0
0,8,0.0,0,0.0,0.0,3,"50"" bbk 50lex-8287/uts2c",0.0,0.0,1.0,0.0,0,4,0.0,24990.0,1.0,1.5,12.0,0.0,0,0,0.0,6,0.0,0.0,1.0,0,0.0,0.0,8.0,0.0,0.0,0.0
0,1,0.0,0,0.0,0.0,3,"43"" telefunken tf-led43s96t2s(черный)\h",0.0,0.0,1.0,0.0,0,4,0.0,17440.0,1.0,1.0,12.0,1.0,0,0,0.0,6,0.0,0.0,0.0,0,0.0,0.0,8.0,1.0,0.0,0.0
0,5,0.0,0,0.0,0.0,9,"75"" hisense 75a6k",26.0,0.0,0.0,0.0,0,4,0.0,99990.0,1.0,0.0,12.0,0.0,0,0,0.0,6,0.0,1.0,1.0,0,1.0,0.0,0.0,1.0,0.0,1.0
0,5,1.0,0,0.0,0.0,9,"75"" hisense 75a7gq",27.9,0.0,1.0,0.0,0,4,0.0,119990.0,1.0,0.0,12.0,0.0,0,0,0.0,6,0.0,1.0,1.0,0,1.0,0.0,0.0,0.0,0.0,0.0
0,5,0.0,0,0.0,0.0,9,"65"" hisense 65a6k",16.5,0.0,0.0,0.0,0,4,0.0,59990.0,1.0,0.0,12.0,0.0,0,0,0.0,6,0.0,1.0,1.0,0,1.0,0.0,0.0,1.0,0.0,1.0
0,5,0.0,0,0.0,0.0,5,"55"" hisense 55a6k",10.9,0.0,0.0,0.0,0,4,0.0,39990.0,1.0,0.0,12.0,0.0,0,0,0.0,6,0.0,1.0,1.0,0,1.0,0.0,0.0,1.0,0.0,1.0
0,5,0.0,0,0.0,0.0,5,"50"" hisense 50a6k",9.5,0.0,0.0,0.0,0,4,0.0,34990.0,1.0,0.0,12.0,0.0,0,0,0.0,6,0.0,1.0,1.0,0,1.0,0.0,0.0,1.0,0.0,1.0
0,5,0.0,0,0.0,0.0,4,"43"" hisense 43a6k",6.8,0.0,0.0,0.0,0,4,0.0,32570.0,1.0,0.0,12.0,0.0,0,0,0.0,6,0.0,1.0,1.0,0,1.0,0.0,0.0,1.0,0.0,1.0
0,1,0.0,0,0.0,0.0,3,"55"" supra stv-lc55st0045u",0.0,0.0,1.0,0.0,0,4,0.0,26990.0,1.0,1.5,12.0,0.0,0,0,0.0,6,0.0,0.0,0.0,0,0.0,0.0,8.0,1.0,0.0,0.0
0,0,0.0,0,0.0,0.0,3,"39"" supra stv-lc39lt0045w",0.0,0.0,1.0,0.0,0,4,0.0,15950.0,0.0,0.0,12.0,1.0,0,0,0.0,6,0.0,0.0,0.0,0,0.0,0.0,0.0,1.0,0.0,0.0
0,7,0.0,0,0.0,0.0,3,"32"" supra stv-lc32st0155wsb.",0.0,0.0,1.0,0.0,0,4,0.0,10790.0,1.0,1.0,12.0,0.0,0,0,0.0,6,1.0,0.0,1.0,0,0.0,0.0,8.0,0.0,0.0,1.0
0,1,0.0,0,0.0,0.0,0,"32"" supra stv-lc32st0045w",0.0,0.0,1.0,0.0,0,0,0.0,11850.0,1.0,1.0,12.0,1.0,0,0,0.0,6,0.0,1.0,0.0,0,0.0,0.0,8.0,1.0,0.0,0.0
0,7,0.0,0,0.0,0.0,2,"24"" supra stv-lc24st0155wsb",0.0,0.0,1.0,0.0,0,4,0.0,8490.0,1.0,0.0,12.0,0.0,0,0,0.0,6,0.0,0.0,1.0,0,0.0,0.0,8.0,0.0,0.0,0.0
0,0,0.0,0,0.0,0.0,0,"23.6"" supra stv-lc24lt0045w",0.0,0.0,1.0,0.0,0,0,0.0,9200.0,0.0,0.0,12.0,1.0,0,0,0.0,6,0.0,0.0,0.0,0,0.0,0.0,0.0,1.0,0.0,0.0
0,1,0.0,0,0.0,0.0,3,"58"" centek ct-8558",0.0,8.0,0.0,280.0,1,4,0.0,43200.0,1.0,0.0,12.0,0.0,10,3,0.0,3,0.0,0.0,1.0,5000,0.0,147.0,0.0,0.0,60.0,1.0
0,1,1.0,0,0.0,0.0,3,"50"" centek ct-8550",0.0,0.0,0.0,250.0,1,4,0.0,36500.0,1.0,1.5,12.0,0.0,10,3,0.0,3,0.0,0.0,1.0,5000,0.0,127.0,8.0,1.0,60.0,1.0
0,1,0.0,0,0.0,0.0,3,"32"" centek ct-8532",0.0,6.5,1.0,200.0,1,4,0.0,17500.0,1.0,1.0,12.0,0.0,10,1,0.0,3,0.0,0.0,1.0,3000,0.0,81.0,8.0,1.0,60.0,1.0
0,0,0.0,0,0.0,0.0,3,"43"" centek ct-8643",0.0,8.0,0.0,220.0,1,4,0.0,21200.0,0.0,0.0,12.0,0.0,10,2,0.0,3,0.0,0.0,0.0,1200,0.0,109.0,0.0,1.0,60.0,1.0
0,0,0.0,0,0.0,0.0,3,"40"" centek ct-8640",0.0,0.0,0.0,220.0,1,4,0.0,19500.0,0.0,0.0,12.0,0.0,10,2,0.0,3,0.0,0.0,0.0,5000,0.0,102.0,0.0,1.0,60.0,1.0
0,0,0.0,0,0.0,0.0,3,"32"" centek ct-8632",0.0,6.5,0.0,200.0,1,4,0.0,12900.0,0.0,0.0,12.0,0.0,10,1,0.0,3,0.0,0.0,0.0,3000,0.0,81.0,0.0,1.0,60.0,1.0
0,6,0.0,0,0.0,0.0,6,"65"" lg oled65b3rla.arub",0.0,0.0,0.0,0.0,0,4,0.0,219990.0,1.0,0.0,12.0,0.0,0,0,0.0,6,0.0,1.0,1.0,0,1.0,0.0,0.0,1.0,0.0,1.0
0,6,0.0,0,0.0,0.0,6,"55"" lg oled55b3rla.arub",0.0,0.0,0.0,0.0,0,4,0.0,154990.0,1.0,0.0,12.0,0.0,0,0,0.0,6,0.0,1.0,1.0,0,1.0,0.0,0.0,1.0,0.0,1.0
0,6,0.0,15,0.0,0.0,11,"86"" lg 86qned816ra.arub",55.3,0.0,0.0,0.0,0,4,0.0,279990.0,1.0,0.0,12.0,0.0,0,0,0.0,6,0.0,1.0,1.0,0,1.0,0.0,0.0,1.0,0.0,0.0
0,6,0.0,0,0.0,0.0,9,"75"" lg 75ur91006la.arub",33.3,0.0,0.0,0.0,0,4,0.0,159990.0,1.0,0.0,12.0,0.0,0,0,0.0,6,0.0,1.0,1.0,0,1.0,0.0,0.0,0.0,0.0,0.0
0,6,0.0,0,0.0,0.0,10,"75"" lg 75ur81006lj.arub",31.4,0.0,0.0,0.0,0,4,0.0,133990.0,1.0,0.0,12.0,0.0,0,0,0.0,6,0.0,1.0,1.0,0,1.0,0.0,0.0,0.0,0.0,0.0
0,6,0.0,0,0.0,0.0,10,"75"" lg 75ur78006lk.arub",31.4,0.0,0.0,0.0,0,4,0.0,125990.0,1.0,0.0,12.0,0.0,0,0,0.0,6,0.0,1.0,1.0,0,1.0,0.0,0.0,0.0,0.0,1.0
0,6,0.0,0,0.0,0.0,10,"75"" lg 75ur78001lj.arub",0.0,0.0,0.0,0.0,0,4,0.0,125990.0,1.0,0.0,12.0,0.0,0,0,0.0,6,0.0,0.0,1.0,0,1.0,0.0,0.0,1.0,0.0,0.0
0,6,0.0,0,0.0,0.0,7,"65"" lg 65ur91006la.arub",23.6,0.0,0.0,0.0,0,4,0.0,99990.0,1.0,0.0,12.0,0.0,0,0,0.0,6,0.0,1.0,1.0,0,1.0,0.0,0.0,0.0,0.0,0.0
0,6,0.0,0,0.0,0.0,7,"65"" lg 65ur81009lk.arub",0.0,0.0,0.0,0.0,0,4,0.0,89990.0,1.0,0.0,12.0,0.0,0,0,0.0,6,0.0,1.0,1.0,0,1.0,0.0,0.0,1.0,0.0,0.0
0,6,0.0,0,0.0,0.0,7,"65"" lg 65ur81006lj.arub",21.4,0.0,0.0,0.0,0,4,0.0,89990.0,1.0,0.0,12.0,0.0,0,0,0.0,6,0.0,1.0,1.0,0,1.0,0.0,0.0,0.0,0.0,0.0
0,0,1.0,0,0.0,0.0,7,"65"" lg 65ur78009ll.arub",0.0,0.0,0.0,0.0,0,4,0.0,84990.0,1.0,0.0,12.0,0.0,0,0,0.0,6,0.0,0.0,1.0,0,0.0,0.0,0.0,0.0,0.0,0.0
0,6,0.0,0,0.0,0.0,7,"65"" lg 65ur78006lk.arub",21.4,0.0,0.0,0.0,0,4,0.0,79990.0,1.0,0.0,12.0,0.0,0,0,0.0,6,0.0,1.0,1.0,0,1.0,0.0,0.0,0.0,0.0,1.0
0,6,0.0,0,0.0,0.0,7,"65"" lg 65ur78001lj.arub",0.0,0.0,0.0,0.0,0,4,0.0,79990.0,1.0,0.0,12.0,0.0,0,0,0.0,6,0.0,0.0,1.0,0,1.0,0.0,0.0,1.0,0.0,0.0
20,6,0.0,15,0.0,0.0,10,"65"" lg 65qned876ra.arub",31.1,0.0,0.0,0.0,0,4,0.0,199990.0,1.0,0.0,12.0,0.0,0,0,1.0,6,0.0,1.0,1.0,0,1.0,0.0,0.0,1.0,0.0,0.0
0,6,0.0,0,0.0,0.0,7,"55"" lg 55ur91006la.arub",15.0,0.0,0.0,0.0,0,4,0.0,77990.0,1.0,0.0,12.0,0.0,0,0,0.0,6,0.0,1.0,1.0,0,1.0,0.0,0.0,0.0,0.0,0.0
0,6,0.0,0,0.0,0.0,3,"55"" lg 55ur81009lk.arub",0.0,0.0,0.0,0.0,0,4,0.0,71990.0,1.0,0.0,12.0,0.0,0,0,0.0,6,0.0,1.0,1.0,0,1.0,0.0,0.0,1.0,0.0,0.0
0,6,0.0,0,0.0,0.0,7,"55"" lg 55ur81006lj.arub",14.0,0.0,0.0,0.0,0,4,0.0,71990.0,1.0,0.0,12.0,0.0,0,0,0.0,6,0.0,1.0,1.0,0,1.0,0.0,0.0,0.0,0.0,0.0
0,0,1.0,0,0.0,0.0,3,"55"" lg 55ur78009ll.arub",0.0,0.0,0.0,0.0,0,4,0.0,64990.0,1.0,0.0,12.0,0.0,0,0,0.0,6,0.0,0.0,1.0,0,0.0,0.0,0.0,0.0,0.0,0.0
0,6,0.0,0,0.0,0.0,7,"55"" lg 55ur78006lk.arub",14.0,0.0,0.0,0.0,0,4,0.0,61990.0,1.0,0.0,12.0,0.0,0,0,0.0,6,0.0,1.0,1.0,0,1.0,0.0,0.0,0.0,0.0,1.0
0,6,0.0,0,0.0,0.0,3,"55"" lg 55ur78001lj.arub",0.0,0.0,0.0,0.0,0,4,0.0,61990.0,1.0,0.0,12.0,0.0,0,0,0.0,6,0.0,0.0,1.0,0,1.0,0.0,0.0,1.0,0.0,0.0
0,6,0.0,15,0.0,0.0,7,"55"" lg 55qned816ra.arub",16.3,0.0,0.0,0.0,0,4,0.0,109990.0,1.0,0.0,12.0,0.0,0,0,0.0,6,0.0,0.0,1.0,0,0.0,0.0,0.0,1.0,0.0,1.0
0,6,1.0,0,0.0,0.0,6,"55"" lg 55lx1q6la.arub",21.0,0.0,1.0,0.0,0,4,0.0,229990.0,1.0,0.0,12.0,0.0,0,0,0.0,6,0.0,1.0,1.0,0,1.0,0.0,0.0,1.0,0.0,0.0
0,6,0.0,0,0.0,0.0,3,"50"" lg 50ur81009lk.arub",0.0,0.0,0.0,0.0,0,4,0.0,54990.0,1.0,0.0,12.0,0.0,0,0,0.0,6,0.0,1.0,1.0,0,1.0,0.0,0.0,1.0,0.0,0.0
0,6,0.0,0,0.0,0.0,3,"50"" lg 50ur81006lj.arub",12.1,0.0,0.0,0.0,0,4,0.0,54990.0,1.0,0.0,12.0,0.0,0,0,0.0,6,0.0,1.0,1.0,0,1.0,0.0,0.0,0.0,0.0,0.0
0,0,1.0,0,0.0,0.0,3,"50"" lg 50ur78009ll.arub",0.0,0.0,0.0,0.0,0,4,0.0,52990.0,1.0,0.0,12.0,0.0,0,0,0.0,6,0.0,0.0,1.0,0,0.0,0.0,0.0,0.0,0.0,0.0
0,6,0.0,0,0.0,0.0,3,"50"" lg 50ur78006lk.arub",11.7,0.0,0.0,0.0,0,4,0.0,49990.0,1.0,0.0,12.0,0.0,0,0,0.0,6,0.0,1.0,1.0,0,1.0,0.0,0.0,0.0,0.0,1.0
0,6,0.0,0,0.0,0.0,3,"50"" lg 50ur78001lj.arub",0.0,0.0,0.0,0.0,0,4,0.0,49990.0,1.0,0.0,12.0,0.0,0,0,0.0,6,0.0,0.0,1.0,0,1.0,0.0,0.0,1.0,0.0,0.0
0,6,0.0,15,0.0,0.0,3,"50"" lg 50qned816ra.arub",13.0,0.0,0.0,0.0,0,4,0.0,89990.0,1.0,0.0,12.0,0.0,0,0,0.0,6,0.0,1.0,1.0,0,1.0,0.0,0.0,1.0,0.0,0.0
0,6,1.0,0,0.0,0.0,6,"48"" lg 48lx1q6la.arub",17.2,0.0,1.0,0.0,0,4,0.0,174990.0,1.0,0.0,12.0,0.0,0,0,0.0,6,0.0,1.0,1.0,0,1.0,0.0,0.0,1.0,0.0,0.0
0,6,0.0,0,0.0,0.0,3,"43"" lg 43ur91006la.arub",9.3,0.0,0.0,0.0,0,4,0.0,52990.0,1.0,0.0,12.0,0.0,0,0,0.0,6,0.0,1.0,1.0,0,1.0,0.0,0.0,0.0,0.0,0.0
0,6,0.0,0,0.0,0.0,11,"43"" lg 43ur81009lk.arub",0.0,0.0,0.0,0.0,0,4,0.0,49990.0,1.0,0.0,12.0,0.0,0,0,0.0,6,0.0,1.0,1.0,0,1.0,0.0,0.0,1.0,0.0,0.0
0,6,0.0,0,0.0,0.0,3,"43"" lg 43ur81006lj.arub",8.9,0.0,0.0,0.0,0,4,0.0,49990.0,1.0,0.0,12.0,0.0,0,0,0.0,6,0.0,1.0,1.0,0,1.0,0.0,0.0,0.0,0.0,0.0
0,0,1.0,0,0.0,0.0,3,"43"" lg 43ur78009ll.arub",0.0,0.0,0.0,0.0,0,4,0.0,47990.0,1.0,0.0,12.0,0.0,0,0,0.0,6,0.0,0.0,1.0,0,0.0,0.0,0.0,0.0,0.0,0.0
0,6,0.0,0,0.0,0.0,3,"43"" lg 43ur78006lk.arub",8.9,0.0,0.0,0.0,0,4,0.0,44990.0,1.0,0.0,12.0,0.0,0,0,0.0,6,0.0,1.0,1.0,0,1.0,0.0,0.0,0.0,0.0,1.0
0,6,0.0,0,0.0,0.0,3,0,8.0,0.0,0.0,0.0,0,4,0.0,44990.0,1.0,0.0,12.0,0.0,0,0,0.0,6,0.0,0.0,1.0,0,1.0,0.0,0.0,1.0,0.0,0.0
0,0,1.0,0,0.0,0.0,3,"32"" lg 32lq570b6la.arub",4.85,0.0,0.0,0.0,0,4,0.0,22990.0,1.0,0.0,12.0,0.0,0,0,0.0,6,0.0,1.0,1.0,0,1.0,0.0,0.0,1.0,0.0,1.0
0,5,1.0,0,0.0,0.0,3,"40"" hisense 40a4k",5.4,0.0,1.0,0.0,0,4,0.0,22490.0,1.0,0.0,12.0,0.0,0,0,0.0,6,0.0,0.0,0.0,0,0.0,0.0,0.0,1.0,0.0,1.0
0,5,1.0,0,0.0,0.0,3,"32"" hisense 32a4k",3.7,0.0,1.0,0.0,0,4,0.0,15990.0,1.0,0.0,12.0,0.0,0,0,0.0,6,0.0,0.0,0.0,0,0.0,0.0,0.0,1.0,0.0,1.0
0,1,0.0,0,0.0,0.0,3,"43"" blackton bt 43s04b",6.58,0.0,1.0,0.0,0,4,0.0,19320.0,1.0,1.5,12.0,0.0,0,0,0.0,6,0.0,0.0,0.0,0,0.0,0.0,8.0,1.0,0.0,0.0
0,7,0.0,0,0.0,0.0,3,"39"" blackton bt 39s05b",5.6,0.0,1.0,0.0,0,4,0.0,17890.0,1.0,1.5,12.0,0.0,0,0,0.0,6,0.0,0.0,0.0,0,0.0,0.0,8.0,0.0,0.0,0.0
0,7,0.0,0,0.0,0.0,0,"32"" blackton bt 32s06b",3.7,0.0,1.0,0.0,0,4,0.0,13090.0,1.0,1.5,12.0,0.0,0,0,0.0,6,0.0,0.0,0.0,0,0.0,0.0,8.0,0.0,0.0,0.0
0,2,1.0,0,0.0,0.0,6,"65"" grundig 65 ghu 7930",0.0,0.0,1.0,0.0,0,4,0.0,78990.0,1.0,2.0,12.0,0.0,0,0,0.0,6,1.0,1.0,1.0,0,1.0,0.0,16.0,0.0,0.0,1.0
0,2,1.0,0,0.0,0.0,2,"55"" grundig 55 ghu 7930",0.0,0.0,1.0,0.0,0,4,0.0,64990.0,1.0,2.0,12.0,0.0,0,0,0.0,6,1.0,1.0,1.0,0,1.0,0.0,16.0,0.0,0.0,1.0
0,2,1.0,0,0.0,0.0,2,"50"" grundig 50 ghu 7930",0.0,0.0,1.0,0.0,0,4,0.0,55990.0,1.0,2.0,12.0,0.0,0,0,0.0,6,1.0,0.0,1.0,0,1.0,0.0,16.0,0.0,0.0,1.0
0,2,1.0,0,0.0,0.0,2,"43"" grundig 43 ghu 7930",0.0,0.0,1.0,0.0,0,4,0.0,45990.0,1.0,2.0,12.0,0.0,0,0,0.0,6,1.0,1.0,1.0,0,1.0,0.0,16.0,0.0,0.0,1.0
0,1,1.0,0,0.0,0.0,9,"75"" grundig 75 ghu 7830",0.0,0.0,1.0,0.0,0,4,0.0,119990.0,1.0,2.0,12.0,0.0,0,0,0.0,6,1.0,1.0,1.0,0,1.0,0.0,16.0,0.0,0.0,1.0
0,1,1.0,0,0.0,0.0,6,"65"" grundig 65 ghu 7830",0.0,0.0,1.0,0.0,0,4,0.0,84990.0,1.0,2.0,12.0,0.0,0,0,0.0,6,1.0,1.0,1.0,0,1.0,0.0,16.0,0.0,0.0,1.0
0,1,1.0,0,0.0,0.0,2,"55"" grundig 55 ghu 7830",0.0,0.0,1.0,0.0,0,4,0.0,54990.0,1.0,2.0,12.0,0.0,0,0,0.0,6,1.0,1.0,1.0,0,1.0,0.0,16.0,0.0,0.0,1.0
0,1,1.0,0,0.0,0.0,2,"50"" grundig 50 ghu 7830",0.0,0.0,1.0,0.0,0,4,0.0,49990.0,1.0,2.0,12.0,0.0,0,0,0.0,6,1.0,0.0,1.0,0,1.0,0.0,16.0,0.0,0.0,1.0
0,1,1.0,0,0.0,0.0,2,"43"" grundig 43 ghu 7830",0.0,0.0,1.0,0.0,0,4,0.0,41990.0,1.0,2.0,12.0,0.0,0,0,0.0,6,1.0,1.0,1.0,0,1.0,0.0,16.0,0.0,0.0,1.0
0,1,1.0,0,0.0,0.0,9,"75"" haier smart tv s1",22.7,8.5,1.0,300.0,1,4,0.0,109990.0,1.0,8.0,12.0,0.0,10,3,0.0,3,1.0,0.0,1.0,5000,1.0,190.0,0.0,0.0,60.0,1.0
0,1,1.0,0,0.0,0.0,9,"65"" haier smart tv s1",16.3,6.5,1.0,300.0,1,4,0.0,48990.0,1.0,8.0,12.0,0.0,10,3,0.0,3,1.0,0.0,1.0,6000,1.0,165.0,0.0,0.0,60.0,1.0
0,0,0.0,0,0.0,0.0,2,"32"" blackton bt 3210b",3.3,8.0,0.0,200.0,1,4,0.0,10840.0,0.0,0.0,12.0,0.0,13,1,0.0,1,0.0,0.0,0.0,3000,0.0,81.0,0.0,1.0,60.0,0.0
0,0,0.0,0,0.0,0.0,2,"32"" blackton bt 3202b",3.5,8.0,1.0,200.0,1,0,0.0,10840.0,0.0,0.0,12.0,0.0,13,1,0.0,1,0.0,0.0,0.0,3000,0.0,81.0,0.0,1.0,60.0,0.0
0,0,0.0,0,0.0,0.0,0,"32"" samsung ue32n4000auxce",3.8,0.0,0.0,0.0,0,0,0.0,22300.0,0.0,0.0,12.0,1.0,0,0,0.0,6,0.0,0.0,0.0,0,0.0,0.0,0.0,1.0,0.0,1.0
20,0,0.0,3,0.0,0.0,7,"55"" lg 55qned876qb.adkg",19.5,0.0,0.0,0.0,0,4,0.0,111990.0,1.0,0.0,12.0,0.0,0,0,1.0,6,0.0,1.0,1.0,0,1.0,0.0,0.0,1.0,0.0,1.0
0,0,0.0,15,0.0,0.0,7,"55"" lg 55qned7s6qa.adkg",16.3,0.0,0.0,0.0,0,4,0.0,79990.0,1.0,0.0,12.0,0.0,0,0,0.0,6,0.0,1.0,1.0,0,1.0,0.0,0.0,1.0,0.0,1.0
20,6,0.0,0,0.0,0.0,10,"75"" lg 75qned996pb.adkg",38.0,0.0,1.0,0.0,0,0,0.0,339990.0,1.0,0.0,12.0,0.0,0,0,1.0,6,0.0,0.0,1.0,0,1.0,0.0,0.0,1.0,0.0,1.0
0,8,0.0,0,0.0,5.0,12,"23.6"" bbk 24lex-7288/ts2c (w)",0.0,0.0,1.0,0.0,0,4,4.4,9490.0,1.0,1.0,12.0,0.0,0,0,0.0,6,0.0,0.0,1.0,0,0.0,0.0,8.0,0.0,0.0,0.0
0,1,0.0,0,0.0,0.0,3,"55"" maunfeld mlt55usd02",11.9,6.5,1.0,280.0,1,4,0.0,41300.0,1.0,1.5,12.0,0.0,2,3,0.0,3,0.0,0.0,1.0,5000,0.0,140.0,8.0,1.0,60.0,1.0
0,0,0.0,0,0.0,0.0,3,"43"" maunfeld mlt43usd02",6.5,9.5,0.0,200.0,1,4,0.0,23910.0,1.0,1.0,12.0,0.0,2,3,0.0,3,0.0,0.0,1.0,5000,0.0,109.0,8.0,0.0,60.0,0.0
0,8,0.0,0,0.0,0.0,3,"43"" maunfeld mlt43fsx02",6.2,8.0,1.0,200.0,1,4,0.0,21730.0,1.0,1.0,12.0,0.0,2,2,0.0,6,0.0,0.0,1.0,1200,0.0,109.0,8.0,1.0,60.0,0.0
0,0,0.0,0,0.0,0.0,3,"43"" maunfeld mlt43fsd02",6.5,8.0,1.0,200.0,1,4,0.0,22560.0,1.0,1.0,12.0,0.0,2,2,0.0,3,0.0,0.0,1.0,1200,0.0,109.0,8.0,1.0,60.0,0.0
0,0,0.0,0,0.0,0.0,3,"32"" maunfeld mlt32hsd02",3.5,6.5,1.0,200.0,1,4,0.0,15210.0,1.0,1.0,12.0,0.0,2,1,0.0,3,0.0,0.0,1.0,3000,0.0,81.0,8.0,1.0,60.0,0.0
0,8,0.0,0,0.0,0.0,3,"55"" maunfeld mlt55usx02",11.9,6.5,0.0,280.0,1,4,0.0,41300.0,1.0,1.5,12.0,0.0,2,3,0.0,3,0.0,0.0,1.0,5000,0.0,140.0,8.0,0.0,60.0,0.0
0,0,0.0,0,0.0,0.0,3,"32"" maunfeld mlt32hsx02",3.5,6.5,0.0,200.0,1,4,0.0,15210.0,1.0,1.0,12.0,0.0,2,1,0.0,3,0.0,0.0,1.0,3000,0.0,81.0,8.0,0.0,60.0,0.0
0,0,0.0,0,0.0,0.0,2,"24"" maunfeld mlt24h01",2.25,8.5,1.0,200.0,1,4,0.0,10860.0,0.0,0.0,12.0,0.0,2,1,0.0,3,0.0,0.0,0.0,3000,0.0,61.0,0.0,0.0,60.0,0.0
0,1,0.0,0,0.0,0.0,3,"55"" telefunken tf-led55s25t2su(черный)\h",0.0,0.0,1.0,0.0,0,4,0.0,31920.0,1.0,1.5,12.0,1.0,0,0,0.0,6,0.0,0.0,0.0,0,0.0,0.0,8.0,1.0,0.0,0.0
0,0,0.0,0,0.0,1.0,12,"24"" lg 24tq520s-pz",3.25,0.0,0.0,0.0,0,4,5.0,21990.0,1.0,0.0,24.0,0.0,0,0,0.0,6,0.0,0.0,1.0,0,0.0,0.0,0.0,0.0,0.0,0.0
0,8,1.0,0,0.0,0.0,9,"75"" hyundai h-led75bu7005",24.7,6.5,1.0,350.0,1,4,0.0,83990.0,1.0,1.5,12.0,1.0,2,3,0.0,3,0.0,0.0,1.0,6000,1.0,190.0,8.0,0.0,60.0,0.0
0,4,0.0,0,0.0,0.0,9,"65"" samsung qe65qn800buxce",22.7,0.0,0.0,0.0,0,0,0.0,286990.0,1.0,0.0,12.0,0.0,0,0,1.0,6,0.0,0.0,1.0,0,1.0,0.0,0.0,1.0,0.0,1.0
0,4,0.0,0,0.0,0.0,3,"50"" samsung qe50ls03bauxce",11.8,0.0,0.0,0.0,0,4,0.0,94990.0,1.0,0.0,12.0,0.0,0,0,0.0,6,0.0,0.0,1.0,0,1.0,0.0,0.0,1.0,0.0,0.0
0,1,1.0,0,0.0,0.0,6,"65"" hyundai h-led65bu7006",25.1,6.5,1.0,350.0,1,4,0.0,48990.0,1.0,1.5,12.0,1.0,2,3,0.0,3,1.0,0.0,1.0,6000,1.0,165.0,8.0,1.0,60.0,1.0
0,1,1.0,0,0.0,1.0,3,"55"" hyundai h-led55bu7006",14.8,6.5,1.0,350.0,1,4,4.0,33990.0,1.0,1.5,12.0,1.0,2,3,0.0,3,1.0,0.0,1.0,5000,1.0,140.0,8.0,1.0,60.0,1.0
0,1,1.0,0,0.0,1.0,3,"50"" hyundai h-led50bu7006",8.8,0.0,1.0,0.0,0,4,5.0,28990.0,1.0,1.5,12.0,1.0,0,0,0.0,6,1.0,0.0,1.0,0,1.0,0.0,8.0,1.0,0.0,1.0
20,0,0.0,0,0.0,0.0,7,"65"" sony xr-65a83k",0.0,0.0,0.0,0.0,0,4,0.0,339100.0,1.0,0.0,12.0,0.0,0,0,1.0,6,0.0,0.0,1.0,0,1.0,0.0,0.0,0.0,0.0,0.0
0,0,0.0,0,0.0,0.0,14,"65"" sony xr-65a75k",0.0,0.0,0.0,0.0,0,0,0.0,0.0,0.0,0.0,0.0,0.0,0,0,0.0,6,0.0,0.0,0.0,0,0.0,0.0,0.0,0.0,0.0,0.0
0,0,0.0,15,0.0,0.0,7,"55"" sony xr-55a75k",17.8,0.0,0.0,0.0,0,4,0.0,230150.0,1.0,0.0,12.0,0.0,0,0,0.0,6,1.0,0.0,1.0,0,1.0,0.0,16.0,1.0,0.0,0.0
0,7,1.0,0,0.0,0.0,3,"32"" hyundai h-led32bs5102",4.7,6.5,1.0,200.0,1,4,0.0,11990.0,1.0,1.0,12.0,1.0,2,1,0.0,3,0.0,0.0,1.0,3000,0.0,81.0,8.0,0.0,60.0,0.0
0,7,1.0,0,0.0,0.0,2,"24"" hyundai h-led24bs5102",2.9,8.5,1.0,200.0,1,4,0.0,10990.0,1.0,1.0,12.0,1.0,2,1,0.0,3,0.0,0.0,1.0,3000,0.0,61.0,8.0,0.0,60.0,0.0
0,1,1.0,0,0.0,0.0,6,"65"" harper 65q850ts",18.5,0.0,1.0,0.0,0,4,0.0,57990.0,1.0,1.5,12.0,0.0,0,0,0.0,6,1.0,0.0,1.0,0,0.0,0.0,8.0,1.0,0.0,1.0
0,0,1.0,0,0.0,0.0,3,"43"" harper 43f660t",6.3,0.0,1.0,0.0,0,4,0.0,17590.0,0.0,0.0,12.0,0.0,0,0,0.0,6,1.0,0.0,0.0,0,0.0,0.0,0.0,1.0,0.0,1.0
20,4,0.0,0,0.0,0.0,3,"43"" samsung qe43qn90bauxce",9.2,0.0,0.0,0.0,0,0,0.0,124250.0,1.0,0.0,12.0,0.0,0,0,1.0,6,0.0,0.0,1.0,0,1.0,0.0,0.0,1.0,0.0,1.0
0,4,0.0,0,0.0,0.0,11,"85"" samsung qe85ls03bauxce",44.2,0.0,0.0,0.0,0,0,0.0,419680.0,1.0,0.0,12.0,0.0,0,0,0.0,6,0.0,0.0,1.0,0,1.0,0.0,16.0,1.0,0.0,1.0
10,4,0.0,0,0.0,0.0,9,"55"" samsung qe55qn700buxce",16.7,0.0,0.0,0.0,0,4,0.0,209700.0,1.0,0.0,12.0,0.0,0,0,1.0,6,0.0,0.0,1.0,0,1.0,0.0,0.0,1.0,0.0,1.0
0,4,0.0,0,0.0,0.0,11,"85"" samsung qe85qn800buxce",43.3,0.0,0.0,0.0,0,0,1.0,629990.0,1.0,0.0,12.0,0.0,0,0,1.0,6,0.0,0.0,1.0,0,1.0,0.0,0.0,1.0,0.0,1.0
0,4,0.0,5,0.0,1.0,11,"85"" samsung qe85qn900buxce",43.1,0.0,0.0,0.0,0,3,5.0,899990.0,1.0,0.0,12.0,0.0,0,0,1.0,6,0.0,0.0,1.0,0,1.0,0.0,0.0,1.0,0.0,0.0
0,4,0.0,0,0.0,0.0,10,"75"" samsung qe75qn800buxce",32.1,0.0,0.0,0.0,0,0,0.0,399990.0,1.0,0.0,12.0,0.0,0,0,1.0,6,0.0,0.0,1.0,0,1.0,0.0,0.0,1.0,0.0,1.0
10,4,0.0,0,0.0,1.0,9,"75"" samsung qe75qn700buxce",16.7,0.0,0.0,0.0,0,4,5.0,329990.0,1.0,0.0,12.0,0.0,0,0,1.0,6,0.0,0.0,1.0,0,1.0,0.0,0.0,1.0,0.0,1.0
10,4,0.0,0,0.0,0.0,9,"65"" samsung qe65qn700buxce",22.6,0.0,0.0,0.0,0,4,0.0,199990.0,1.0,0.0,12.0,0.0,0,0,1.0,6,0.0,0.0,1.0,0,1.0,0.0,0.0,1.0,0.0,1.0
0,8,1.0,0,0.0,3.0,3,"55"" starwind sw-led55ug403",14.5,6.5,0.0,250.0,1,0,4.3,28590.0,1.0,1.5,12.0,1.0,2,3,0.0,3,1.0,0.0,1.0,5000,0.0,140.0,8.0,1.0,60.0,1.0
0,8,1.0,0,0.0,4.0,3,"50"" starwind sw-led50ug403",11.4,6.5,0.0,250.0,1,4,4.8,26690.0,1.0,1.5,12.0,1.0,2,3,0.0,3,1.0,0.0,1.0,5000,0.0,127.0,8.0,1.0,60.0,1.0
0,8,1.0,0,0.0,2.0,3,"43"" starwind sw-led43ug403",7.9,8.0,0.0,230.0,1,4,5.0,19590.0,1.0,1.5,12.0,1.0,2,3,0.0,3,1.0,0.0,1.0,3000,0.0,109.0,8.0,1.0,60.0,1.0
0,0,0.0,0,0.0,0.0,11,"85"" samsung ue85bu8000uxce",41.5,0.0,0.0,0.0,0,4,0.0,192810.0,1.0,0.0,12.0,0.0,0,0,0.0,6,0.0,0.0,1.0,0,1.0,0.0,0.0,1.0,0.0,0.0
20,4,0.0,0,0.0,0.0,11,"85"" samsung qe85qn90bauxce",44.5,0.0,0.0,0.0,0,0,0.0,639990.0,1.0,0.0,12.0,0.0,0,0,1.0,6,0.0,0.0,1.0,0,1.0,0.0,0.0,1.0,0.0,1.0
0,4,0.0,0,0.0,0.0,9,"55"" samsung qe55qn95bauxce",16.1,0.0,0.0,0.0,0,4,0.0,199990.0,1.0,0.0,12.0,0.0,0,0,1.0,6,0.0,0.0,1.0,0,0.0,0.0,0.0,1.0,0.0,0.0
0,4,0.0,0,0.0,0.0,3,"43"" samsung qe43ls03bauxce",8.6,0.0,0.0,0.0,0,4,0.0,99990.0,1.0,0.0,12.0,0.0,0,0,0.0,6,0.0,0.0,1.0,0,1.0,0.0,0.0,1.0,0.0,0.0
20,4,0.0,0,0.0,0.0,3,"50"" samsung qe50q80bauxce",13.7,0.0,0.0,0.0,0,4,0.0,86990.0,1.0,0.0,12.0,0.0,0,0,1.0,6,0.0,0.0,1.0,0,1.0,0.0,0.0,1.0,0.0,0.0
0,0,0.0,0,0.0,0.0,9,"50"" kivi 50u740nb",0.0,0.0,1.0,0.0,0,4,0.0,31990.0,1.0,0.0,12.0,0.0,0,0,0.0,6,0.0,0.0,1.0,0,1.0,0.0,8.0,0.0,0.0,0.0
0,0,0.0,0,0.0,3.0,7,"43"" kivi 43u740nb",0.0,0.0,1.0,0.0,0,4,4.3,24990.0,1.0,0.0,12.0,0.0,0,0,0.0,6,0.0,0.0,1.0,0,1.0,0.0,8.0,0.0,0.0,0.0
0,0,0.0,0,0.0,0.0,2,"32"" kivi 32h740nb",0.0,0.0,1.0,0.0,0,4,0.0,13990.0,1.0,0.0,12.0,0.0,0,0,0.0,6,0.0,0.0,1.0,0,0.0,0.0,8.0,0.0,0.0,0.0
0,1,0.0,0,0.0,2.0,3,"55"" kivi 55u750nb",0.0,0.0,1.0,0.0,0,4,5.0,39990.0,1.0,0.0,12.0,0.0,0,0,0.0,6,0.0,0.0,1.0,0,1.0,0.0,8.0,0.0,0.0,0.0
0,0,0.0,0,0.0,3.0,3,"43"" kivi 43u750nb",0.0,0.0,1.0,0.0,0,4,4.3,27990.0,1.0,0.0,12.0,0.0,0,0,0.0,6,0.0,0.0,1.0,0,1.0,0.0,8.0,0.0,0.0,0.0
0,0,0.0,0,0.0,0.0,2,"32"" kivi 32h750nb",0.0,0.0,1.0,0.0,0,4,0.0,14990.0,1.0,0.0,12.0,0.0,0,0,0.0,6,0.0,0.0,1.0,0,0.0,0.0,8.0,0.0,0.0,0.0
0,8,1.0,0,0.0,1.0,3,"43"" digma dm-led43sbb31",9.2,8.0,1.0,250.0,1,4,5.0,16490.0,1.0,1.0,12.0,1.0,2,2,0.0,3,1.0,0.0,1.0,3000,0.0,109.0,8.0,1.0,60.0,1.0
0,0,0.0,0,0.0,1.0,3,"40"" digma dm-led40mbb21",6.8,0.0,1.0,0.0,0,4,5.0,12990.0,0.0,0.0,12.0,1.0,0,0,0.0,6,1.0,0.0,0.0,0,0.0,0.0,0.0,1.0,0.0,1.0
0,8,1.0,0,0.0,3.0,3,"43"" starwind sw-led43sg300",8.3,6.5,1.0,220.0,1,4,5.0,16990.0,1.0,1.0,12.0,1.0,2,2,0.0,3,0.0,0.0,1.0,4000,1.0,109.0,8.0,0.0,60.0,0.0
0,0,1.0,0,0.0,1.0,2,"24"" starwind sw-led24bg202",2.9,0.0,1.0,0.0,0,4,4.0,7490.0,0.0,0.0,12.0,1.0,0,0,0.0,6,0.0,0.0,0.0,0,0.0,0.0,0.0,1.0,0.0,1.0
0,8,1.0,0,0.0,2.0,3,"32"" starwind sw-led32sg304",4.7,6.5,1.0,200.0,1,4,4.5,11490.0,1.0,1.0,12.0,1.0,2,1,0.0,3,0.0,0.0,1.0,3000,1.0,81.0,8.0,0.0,60.0,0.0
0,0,1.0,0,0.0,3.0,3,"32"" starwind sw-led32bg202",4.7,6.5,0.0,200.0,1,4,4.3,9190.0,0.0,0.0,12.0,1.0,2,1,0.0,3,0.0,0.0,0.0,3000,0.0,81.0,0.0,1.0,60.0,1.0
0,1,0.0,0,0.0,0.0,14,0,0.0,0.0,0.0,0.0,0,0,0.0,17990.0,1.0,0.0,12.0,0.0,0,0,0.0,6,0.0,0.0,0.0,0,0.0,0.0,0.0,0.0,0.0,0.0
0,1,0.0,0,0.0,0.0,14,0,0.0,0.0,0.0,0.0,0,0,0.0,14990.0,1.0,0.0,12.0,0.0,0,0,0.0,6,0.0,0.0,0.0,0,0.0,0.0,0.0,0.0,0.0,0.0
0,0,0.0,0,0.0,0.0,0,"40"" erisson 40flm8000ct2",0.0,0.0,1.0,0.0,0,4,0.0,12990.0,0.0,0.0,12.0,0.0,0,0,0.0,6,0.0,0.0,0.0,0,0.0,0.0,0.0,0.0,0.0,0.0
0,6,0.0,0,0.0,4.0,7,"55"" lg 55nano786qa.arub",14.6,0.0,0.0,0.0,0,4,5.0,54990.0,1.0,0.0,12.0,0.0,0,0,0.0,6,0.0,0.0,1.0,0,1.0,0.0,0.0,0.0,0.0,0.0
0,0,0.0,0,1.0,0.0,15,"55"" samsung qe55ls01bauxce",26.1,0.0,0.0,0.0,0,4,0.0,124990.0,1.0,0.0,12.0,0.0,0,0,0.0,6,0.0,1.0,1.0,0,1.0,0.0,0.0,1.0,0.0,0.0
0,0,0.0,0,0.0,1.0,10,"75"" samsung ue75bu8500uxce",31.4,0.0,0.0,0.0,0,4,5.0,191990.0,1.0,0.0,12.0,0.0,0,0,0.0,6,0.0,0.0,1.0,0,1.0,0.0,0.0,0.0,0.0,0.0
0,6,0.0,9,0.0,0.0,3,"50"" lg 50nano806qa.adkg",14.0,0.0,0.0,0.0,0,4,0.0,74990.0,1.0,0.0,12.0,1.0,0,0,0.0,6,0.0,1.0,1.0,0,0.0,0.0,0.0,1.0,0.0,1.0
0,6,0.0,0,0.0,0.0,3,"32"" lg 32lq630b6la.adkg",0.0,0.0,0.0,0.0,0,4,0.0,19990.0,1.0,0.0,12.0,1.0,0,0,0.0,6,0.0,1.0,1.0,0,0.0,0.0,0.0,0.0,0.0,1.0
0,6,0.0,0,0.0,0.0,3,"43"" lg 43uq75006lf.adkg",8.8,0.0,0.0,0.0,0,4,0.0,38710.0,1.0,0.0,12.0,1.0,0,0,0.0,6,0.0,1.0,1.0,0,0.0,0.0,0.0,1.0,0.0,1.0
0,6,0.0,15,0.0,0.0,7,"65"" lg 65qned816qa.arub",24.5,0.0,0.0,0.0,0,4,0.0,114990.0,1.0,0.0,12.0,0.0,0,0,0.0,6,0.0,0.0,1.0,0,0.0,0.0,0.0,1.0,0.0,1.0
20,6,0.0,0,0.0,29.0,6,"55"" lg oled55c24la.arub",12.7,0.0,0.0,0.0,0,4,5.0,127990.0,1.0,0.0,12.0,0.0,0,0,1.0,6,0.0,0.0,1.0,0,1.0,0.0,0.0,1.0,0.0,1.0
0,6,0.0,0,0.0,6.0,7,"55"" lg 55uq75006lf.arub",10.7,0.0,0.0,0.0,0,4,4.3,42990.0,1.0,0.0,12.0,1.0,0,0,0.0,6,0.0,1.0,1.0,0,0.0,0.0,0.0,1.0,0.0,1.0
0,0,0.0,14,0.0,0.0,6,"55"" lg oled55a2rla.adgg",18.4,0.0,0.0,0.0,0,4,0.0,105380.0,1.0,0.0,12.0,0.0,0,0,0.0,6,0.0,1.0,1.0,0,1.0,0.0,0.0,1.0,0.0,1.0
0,0,0.0,10,0.0,0.0,3,"55"" lg 55uq81009lc.adgg",0.0,0.0,0.0,0.0,0,4,0.0,57490.0,1.0,0.0,12.0,0.0,0,0,0.0,6,0.0,1.0,1.0,0,1.0,0.0,0.0,1.0,0.0,1.0
0,6,0.0,4,0.0,0.0,7,"55"" lg 55uq80006lb.adgg",0.0,0.0,0.0,0.0,0,4,0.0,67140.0,1.0,0.0,12.0,1.0,0,0,0.0,6,0.0,1.0,1.0,0,1.0,0.0,0.0,1.0,0.0,1.0
0,6,0.0,9,0.0,0.0,7,"55"" lg 55nano806qa.adgg",16.3,0.0,0.0,0.0,0,4,0.0,79900.0,1.0,0.0,12.0,1.0,0,0,0.0,6,0.0,1.0,1.0,0,1.0,0.0,0.0,1.0,0.0,1.0
0,6,0.0,9,0.0,0.0,3,"50"" lg 50nano806qa.adgg",14.0,0.0,0.0,0.0,0,4,0.0,68830.0,1.0,0.0,12.0,1.0,0,0,0.0,6,0.0,1.0,1.0,0,0.0,0.0,0.0,1.0,0.0,1.0
0,6,0.0,9,0.0,0.0,3,"50"" lg 50nano769qa.adgg",12.6,0.0,0.0,0.0,0,4,0.0,50850.0,1.0,0.0,12.0,1.0,0,0,0.0,6,0.0,1.0,1.0,0,1.0,0.0,0.0,1.0,0.0,1.0
0,0,0.0,4,0.0,0.0,3,"43"" lg 43uq80006lb.adgg",9.0,0.0,0.0,0.0,0,4,0.0,37990.0,1.0,0.0,12.0,0.0,0,0,0.0,6,0.0,0.0,1.0,0,1.0,0.0,0.0,1.0,0.0,1.0
0,6,0.0,11,0.0,0.0,3,"43"" lg 43uq76003ld.adgg",12.3,0.0,0.0,0.0,0,4,0.0,38990.0,1.0,0.0,12.0,1.0,0,0,0.0,6,0.0,1.0,1.0,0,0.0,0.0,0.0,1.0,0.0,1.0
0,6,0.0,0,0.0,0.0,3,"43"" lg 43uq75006lf.adgg",8.8,0.0,0.0,0.0,0,4,0.0,34990.0,1.0,0.0,12.0,1.0,0,0,0.0,6,0.0,1.0,1.0,0,0.0,0.0,0.0,1.0,0.0,1.0
0,6,0.0,0,0.0,0.0,3,"50"" lg 50uq90006ld.adkg",11.7,0.0,0.0,0.0,1,4,0.0,54990.0,1.0,0.0,12.0,1.0,13,3,0.0,3,0.0,1.0,1.0,0,1.0,127.0,0.0,1.0,60.0,1.0
0,6,0.0,9,0.0,0.0,3,"43"" lg 43nano769qa.aru",9.2,0.0,0.0,0.0,0,4,0.0,49990.0,1.0,0.0,12.0,1.0,0,0,0.0,6,0.0,1.0,1.0,0,1.0,0.0,0.0,1.0,0.0,1.0
0,8,0.0,0,0.0,0.0,2,"32"" asano 32lf8120t",4.0,0.0,1.0,0.0,0,4,0.0,14690.0,1.0,0.0,12.0,0.0,0,0,0.0,6,0.0,0.0,1.0,0,0.0,0.0,8.0,1.0,0.0,1.0
0,8,0.0,0,0.0,0.0,2,"32"" asano 32lh8030s",4.0,0.0,1.0,0.0,0,4,0.0,13590.0,1.0,1.0,12.0,0.0,0,0,0.0,6,0.0,0.0,1.0,0,0.0,0.0,8.0,1.0,0.0,1.0
0,5,0.0,0,0.0,0.0,14,"55"" hisense 55a85h",18.1,0.0,0.0,0.0,0,0,0.0,149990.0,1.0,0.0,12.0,1.0,0,0,0.0,6,0.0,1.0,1.0,0,1.0,0.0,0.0,1.0,0.0,1.0
0,7,1.0,0,0.0,2.0,2,"24"" hyundai h-led24bs5001",2.4,11.5,1.0,200.0,1,0,4.0,9450.0,1.0,1.0,12.0,1.0,2,1,0.0,3,0.0,0.0,1.0,3000,0.0,61.0,8.0,0.0,60.0,0.0
0,6,0.0,0,0.0,0.0,7,"55"" lg 55up76006lc.adgg",14.3,0.0,0.0,0.0,0,0,0.0,50450.0,1.0,0.0,12.0,1.0,0,0,0.0,6,0.0,1.0,1.0,0,1.0,0.0,0.0,1.0,0.0,1.0
0,0,0.0,0,0.0,0.0,11,"85"" samsung ue85au7100uxce",40.2,0.0,0.0,0.0,0,0,0.0,169990.0,1.0,0.0,12.0,1.0,0,0,0.0,6,0.0,1.0,1.0,0,1.0,0.0,0.0,1.0,0.0,1.0
0,0,0.0,0,0.0,1.0,10,"75"" samsung ue75au7100uxce",30.4,0.0,0.0,0.0,1,0,5.0,109990.0,1.0,0.0,12.0,1.0,13,3,0.0,3,0.0,1.0,1.0,0,1.0,190.0,0.0,1.0,60.0,1.0
0,6,0.0,9,0.0,2.0,7,"55"" lg 55nano769qa.adkb",14.6,0.0,0.0,0.0,0,4,4.5,87690.0,1.0,0.0,12.0,1.0,0,0,0.0,6,0.0,1.0,1.0,0,1.0,0.0,0.0,1.0,0.0,1.0
0,6,0.0,15,0.0,0.0,3,"50"" lg 50qned816qa.adkb",14.0,0.0,0.0,0.0,0,4,0.0,95730.0,1.0,0.0,12.0,0.0,0,0,0.0,6,0.0,0.0,1.0,0,0.0,0.0,0.0,1.0,0.0,1.0
0,6,0.0,11,0.0,0.0,3,"50"" lg 50uq76003ld.adkb",0.0,0.0,0.0,0.0,0,4,0.0,49990.0,1.0,0.0,12.0,1.0,0,0,0.0,6,0.0,1.0,1.0,0,0.0,0.0,0.0,1.0,0.0,1.0
0,0,0.0,0,0.0,2.0,0,"32"" samsung ue32n4010auxru",3.8,0.0,0.0,0.0,0,0,5.0,18490.0,0.0,0.0,12.0,1.0,0,0,0.0,6,0.0,0.0,0.0,0,0.0,0.0,0.0,1.0,0.0,1.0
0,6,0.0,9,0.0,1.0,7,"60"" lg 60uq81003la.aru",0.0,0.0,0.0,0.0,0,4,5.0,64990.0,1.0,0.0,12.0,1.0,0,0,0.0,6,0.0,1.0,1.0,0,1.0,0.0,0.0,1.0,0.0,1.0
0,7,1.0,0,0.0,2.0,3,"55"" digma dm-led55ubb35",11.0,8.0,1.0,250.0,1,0,5.0,29640.0,1.0,0.0,12.0,1.0,2,3,0.0,3,1.0,0.0,1.0,1200,0.0,140.0,0.0,0.0,60.0,0.0
0,6,0.0,9,0.0,3.0,3,"50"" lg 50uq80001la",0.0,0.0,0.0,0.0,0,4,5.0,73060.0,1.0,0.0,12.0,1.0,0,0,0.0,6,0.0,1.0,1.0,0,0.0,0.0,0.0,1.0,0.0,1.0
0,7,1.0,0,0.0,1.0,8,"65"" hyundai h-led65bu7000",17.6,6.5,0.0,280.0,1,0,5.0,38850.0,1.0,1.5,12.0,0.0,2,3,0.0,3,1.0,0.0,1.0,5000,1.0,165.0,8.0,0.0,60.0,0.0
0,7,1.0,0,0.0,0.0,3,"55"" hyundai h-led55bu7000",12.3,6.5,0.0,250.0,1,0,0.0,28350.0,1.0,1.5,12.0,0.0,2,3,0.0,3,1.0,0.0,1.0,5000,1.0,140.0,8.0,0.0,60.0,0.0
0,7,1.0,0,0.0,0.0,3,"50"" hyundai h-led50bu7000",9.0,5.0,0.0,250.0,1,0,0.0,24150.0,1.0,1.5,12.0,0.0,2,3,0.0,3,1.0,0.0,1.0,5000,1.0,127.0,8.0,0.0,60.0,0.0
0,7,0.0,0,0.0,0.0,3,"55"" supra stv-lc55st0155usb",0.0,0.0,0.0,0.0,0,4,0.0,25990.0,1.0,1.5,12.0,1.0,0,0,0.0,6,0.0,1.0,1.0,0,0.0,0.0,8.0,0.0,0.0,1.0
0,1,1.0,0,0.0,4.0,3,"43"" tcl 43p617",6.65,0.0,0.0,0.0,0,4,4.8,28520.0,1.0,0.0,12.0,1.0,0,0,0.0,6,1.0,1.0,1.0,0,1.0,0.0,0.0,0.0,0.0,1.0
0,6,0.0,9,0.0,0.0,3,"43"" lg 43uq80001la",8.8,0.0,0.0,0.0,0,4,0.0,42990.0,1.0,0.0,12.0,1.0,0,0,0.0,6,0.0,1.0,1.0,0,0.0,0.0,0.0,1.0,0.0,1.0
0,1,1.0,0,0.0,0.0,8,0,0.0,0.0,1.0,0.0,0,4,0.0,42990.0,1.0,0.0,12.0,1.0,0,0,0.0,6,1.0,0.0,0.0,0,0.0,0.0,0.0,1.0,0.0,1.0
0,0,0.0,0,0.0,2.0,2,"32"" kivi 32h540lb",0.0,0.0,1.0,0.0,0,4,5.0,9990.0,0.0,0.0,12.0,1.0,0,0,0.0,6,0.0,0.0,0.0,0,0.0,0.0,0.0,0.0,0.0,0.0
0,6,0.0,0,0.0,0.0,3,"43"" lg 43nano756qa.aru",9.2,0.0,0.0,0.0,0,4,0.0,47990.0,1.0,0.0,12.0,1.0,0,0,0.0,6,0.0,1.0,1.0,0,1.0,0.0,0.0,1.0,0.0,1.0
0,1,1.0,0,0.0,2.0,6,"65"" hyundai h-led65qgu7500",19.0,0.0,1.0,0.0,0,0,5.0,49990.0,1.0,2.0,12.0,1.0,0,0,0.0,6,1.0,1.0,1.0,0,1.0,0.0,16.0,1.0,0.0,1.0
0,7,1.0,0,0.0,0.0,0,"32"" hyundai h-led32gs5101",3.05,0.0,1.0,0.0,0,0,0.0,11920.0,1.0,1.0,12.0,1.0,0,0,0.0,6,0.0,0.0,1.0,0,0.0,0.0,8.0,1.0,0.0,1.0
0,7,1.0,0,0.0,0.0,0,"24"" hyundai h-led24gs5101",2.5,0.0,1.0,0.0,0,0,0.0,8850.0,1.0,1.0,12.0,1.0,0,0,0.0,6,0.0,0.0,1.0,0,0.0,0.0,8.0,1.0,0.0,1.0
0,0,0.0,0,0.0,1.0,3,"50"" kivi 50u740lb",10.4,0.0,1.0,0.0,0,0,5.0,36820.0,1.0,0.0,12.0,1.0,0,0,0.0,6,0.0,1.0,1.0,0,1.0,0.0,8.0,0.0,0.0,0.0
0,1,1.0,0,0.0,0.0,3,"50"" polarline 50pu52tc-sm",0.0,0.0,1.0,0.0,0,0,0.0,19990.0,1.0,1.0,12.0,1.0,0,0,0.0,6,0.0,1.0,0.0,0,0.0,0.0,8.0,1.0,0.0,1.0
0,7,1.0,0,0.0,3.0,3,"43"" starwind sw-led43ub403",7.0,0.0,1.0,0.0,0,0,4.7,29190.0,1.0,0.0,12.0,1.0,0,0,0.0,6,0.0,1.0,1.0,0,0.0,0.0,0.0,0.0,0.0,0.0
0,6,0.0,0,0.0,7.0,3,"32"" lg 32lm6370pla.aru",4.65,0.0,1.0,0.0,0,0,3.9,33550.0,1.0,0.0,12.0,1.0,0,0,0.0,6,0.0,1.0,1.0,0,1.0,0.0,0.0,1.0,0.0,1.0
0,0,0.0,0,0.0,2.0,2,"23.6"" supra stv-lc24lt0075w",0.0,0.0,1.0,0.0,0,0,3.5,7490.0,0.0,0.0,12.0,1.0,0,0,0.0,6,0.0,0.0,0.0,0,0.0,0.0,0.0,1.0,0.0,1.0
0,0,0.0,0,0.0,0.0,2,"23.6"" supra stv-lc24lt0055w",0.0,0.0,1.0,0.0,0,0,0.0,13070.0,0.0,0.0,12.0,1.0,0,0,0.0,6,0.0,0.0,0.0,0,0.0,0.0,0.0,1.0,0.0,0.0
0,0,0.0,0,0.0,0.0,2,"31.5"" telefunken tf-led32s77t2\h",0.0,0.0,1.0,0.0,0,0,0.0,10600.0,0.0,0.0,12.0,1.0,0,0,0.0,6,0.0,0.0,0.0,0,0.0,0.0,0.0,1.0,0.0,0.0
0,1,0.0,0,0.0,1.0,2,"32"" polarline 32pl13tc-sm",3.7,0.0,1.0,0.0,0,0,5.0,10610.0,1.0,0.0,12.0,1.0,0,0,0.0,6,0.0,0.0,0.0,0,0.0,0.0,4.0,1.0,0.0,1.0
0,0,0.0,0,0.0,10.0,0,"32"" philips 32phs6825/60",4.2,0.0,1.0,0.0,0,0,4.3,12990.0,1.0,0.0,12.0,1.0,0,0,0.0,6,0.0,1.0,0.0,0,1.0,0.0,0.0,1.0,0.0,0.0
0,0,1.0,0,0.0,7.0,3,"32"" lg 32lm550bplb.aru",4.65,0.0,0.0,0.0,0,0,4.6,16990.0,0.0,0.0,12.0,1.0,0,0,0.0,6,0.0,0.0,0.0,0,0.0,0.0,0.0,1.0,0.0,0.0
0,0,1.0,0,0.0,33.0,0,"31.5"" telefunken tf-led32s39t2(черный)\h",0.0,0.0,1.0,0.0,0,4,4.4,9680.0,0.0,0.0,12.0,1.0,0,0,0.0,6,0.0,0.0,0.0,0,0.0,0.0,0.0,1.0,0.0,0.0
0,0,0.0,0,0.0,21.0,14,"24"" sunwind sun-led24xb203",0.0,0.0,0.0,0.0,0,0,4.9,0.0,0.0,0.0,0.0,0.0,0,0,0.0,6,0.0,0.0,0.0,0,0.0,0.0,0.0,0.0,0.0,0.0
0,0,0.0,0,0.0,5.0,14,"43"" hisense 43e7hq",0.0,0.0,0.0,0.0,0,0,4.6,0.0,0.0,0.0,0.0,0.0,0,0,0.0,6,0.0,0.0,0.0,0,0.0,0.0,0.0,0.0,0.0,0.0
0,0,0.0,0,0.0,11.0,14,"32"" supra stv-lc32lt0075w",0.0,0.0,0.0,0.0,0,0,4.6,0.0,0.0,0.0,0.0,0.0,0,0,0.0,6,0.0,0.0,0.0,0,0.0,0.0,0.0,0.0,0.0,0.0
0,0,0.0,0,0.0,9.0,14,"32"" lg 32lq630b6la.arub",0.0,0.0,0.0,0.0,0,0,4.7,0.0,0.0,0.0,0.0,0.0,0,0,0.0,6,0.0,0.0,0.0,0,0.0,0.0,0.0,0.0,0.0,0.0
0,0,0.0,0,0.0,3.0,14,"32"" philips 32phs5507/60",0.0,0.0,0.0,0.0,0,0,4.7,0.0,0.0,0.0,0.0,0.0,0,0,0.0,6,0.0,0.0,0.0,0,0.0,0.0,0.0,0.0,0.0,0.0
0,0,0.0,0,0.0,5.0,14,"55"" haier smart tv s1",0.0,0.0,0.0,0.0,0,0,5.0,0.0,0.0,0.0,0.0,0.0,0,0,0.0,6,0.0,0.0,0.0,0,0.0,0.0,0.0,0.0,0.0,0.0
0,0,0.0,0,0.0,5.0,14,"55"" grundig 55gfu7800b",0.0,0.0,0.0,0.0,0,0,5.0,0.0,0.0,0.0,0.0,0.0,0,0,0.0,6,0.0,0.0,0.0,0,0.0,0.0,0.0,0.0,0.0,0.0
0,0,0.0,0,0.0,31.0,14,"55"" hisense 55e76gq",0.0,0.0,0.0,0.0,0,0,4.9,0.0,0.0,0.0,0.0,0.0,0,0,0.0,6,0.0,0.0,0.0,0,0.0,0.0,0.0,0.0,0.0,0.0
0,0,0.0,0,0.0,2.0,14,"55"" lg 55uq76003ld.adgg",0.0,0.0,0.0,0.0,0,0,5.0,0.0,0.0,0.0,0.0,0.0,0,0,0.0,6,0.0,0.0,0.0,0,0.0,0.0,0.0,0.0,0.0,0.0
0,0,0.0,0,0.0,2.0,14,"40"" hisense 40a5kq",0.0,0.0,0.0,0.0,0,0,5.0,0.0,0.0,0.0,0.0,0.0,0,0,0.0,6,0.0,0.0,0.0,0,0.0,0.0,0.0,0.0,0.0,0.0
0,0,0.0,0,0.0,1.0,14,"39"" supra stv-lc39lt0045w",0.0,0.0,0.0,0.0,0,0,5.0,0.0,0.0,0.0,0.0,0.0,0,0,0.0,6,0.0,0.0,0.0,0,0.0,0.0,0.0,0.0,0.0,0.0
0,0,0.0,0,0.0,1.0,14,"75"" hyundai h-led75gu7005",0.0,0.0,0.0,0.0,0,0,5.0,0.0,0.0,0.0,0.0,0.0,0,0,0.0,6,0.0,0.0,0.0,0,0.0,0.0,0.0,0.0,0.0,0.0
0,0,0.0,0,0.0,32.0,14,"24"" yuno ulx-24tcsw222",0.0,0.0,0.0,0.0,0,0,4.8,0.0,0.0,0.0,0.0,0.0,0,0,0.0,6,0.0,0.0,0.0,0,0.0,0.0,0.0,0.0,0.0,0.0
0,0,0.0,0,0.0,0.0,14,"55"" lg 55nano816pa.aru",0.0,0.0,0.0,0.0,0,0,0.0,0.0,0.0,0.0,0.0,0.0,0,0,0.0,6,0.0,0.0,0.0,0,0.0,0.0,0.0,0.0,0.0,0.0
0,0,0.0,0,0.0,8.0,14,"24"" polarline 24pl51tc-sm",0.0,0.0,0.0,0.0,0,0,4.0,0.0,0.0,0.0,0.0,0.0,0,0,0.0,6,0.0,0.0,0.0,0,0.0,0.0,0.0,0.0,0.0,0.0
0,0,1.0,0,0.0,21.0,3,"40"" hyundai h-led40et4100",0.0,0.0,0.0,0.0,0,0,4.8,0.0,0.0,0.0,12.0,1.0,0,0,0.0,6,0.0,0.0,0.0,0,0.0,0.0,0.0,1.0,0.0,1.0
